<?xml version="1.0" encoding="utf-8"?>
<class name="XFS" type="355479284">
	<u32 name="mQuality" value="2"/>
	<array name="mSetInfos" type="classref" count="29">
		<classref type="1637199632">
			<s32 name="mID" value="0"/>
			<string name="mInfoClass" value="cSetInfoItem"/>
			<string name="mUnitClass" value="uIt0417"/>
			<classref name="mpInfo" type="381867577">
				<string name="mName" value=""/>
				<string name="mParentName" value=""/>
				<s32 name="mParentNo" value="0"/>
				<u32 name="mOrder" value="4"/>
				<vector3 name="mPosition" x="623.2196655273" y="70.0000457764" z="2055.0637207031"/>
				<vector3 name="mAngle" x="1.5707960129" y="0.0000000000" z="0.0000000000"/>
				<vector3 name="mScale" x="0.5000000000" y="0.5000000000" z="0.5000000000"/>
				<u32 name="PatternNo" value="0"/>
				<u32 name="mLife" value="4861071"/>
				<u32 name="mJumpInit" value="0"/>
				<class name="mItemSet" type="1492295384">
					<vector3 name="Pos" x="623.2196655273" y="70.0000457764" z="2055.0637207031"/>
					<vector3 name="Ang" x="1.5707960129" y="0.0000000000" z="0.0000000000"/>
					<bool name="AutoPosition" value="true"/>
					<bool name="HitAuto" value="true"/>
					<bool name="NoCheckOba" value="false"/>
					<bool name="NoCheckEff" value="true"/>
					<classref name="Shape" type="1035932488">
						<string name="Name" value=""/>
						<f32 name="CheckAngle" value="0.0000000000"/>
						<f32 name="CheckRange" value="0.0000000000"/>
						<f32 name="CheckToward" value="0.0000000000"/>
						<bool name="AngleFlag" value="false"/>
						<bool name="TowardFlag" value="false"/>
						<vector3 name="Cone.mCenterPos" x="0.0000000000" y="-180.0000000000" z="0.0000000000"/>
						<f32 name="Cone.mHeight" value="270.0000000000"/>
						<f32 name="Cone.mTopRadius" value="220.0000000000"/>
						<f32 name="Cone.mBottomRadius" value="20.0000000000"/>
					</classref>
					<vector3 name="SetOffset" x="-60.0000000000" y="3.0000000000" z="0.0000000000"/>
					<s16 name="ItemFlagNo" value="-1"/>
					<u16 name="ItemId" value="1047"/>
					<s32 name="ItemNum" value="-1"/>
					<u16 name="SetType" value="1"/>
					<s16 name="SetLotNo" value="13"/>
					<s16 name="SetNo" value="0"/>
					<u8 name="EffType" value="0"/>
					<vector3 name="EffOffset" x="0.0000000000" y="0.0000000000" z="0.0000000000"/>
					<u8 name="LevelPower" value="0"/>
					<u8 name="LevelFireSpeed" value="0"/>
					<u8 name="LevelReloadSpeed" value="0"/>
					<u8 name="LevelBulletMax" value="0"/>
					<u8 name="LevelBulrRate" value="0"/>
					<u8 name="LevelCritical" value="0"/>
					<u8 name="LevelThrough" value="0"/>
					<u8 name="LevelRange" value="0"/>
					<u8 name="LevelScope" value="0"/>
				</class>
			</classref>
		</classref>
		<classref type="1637199632">
			<s32 name="mID" value="0"/>
			<string name="mInfoClass" value="cSetInfoItem"/>
			<string name="mUnitClass" value="uWp03"/>
			<classref name="mpInfo" type="381867577">
				<string name="mName" value=""/>
				<string name="mParentName" value=""/>
				<s32 name="mParentNo" value="27197772"/>
				<u32 name="mOrder" value="4"/>
				<vector3 name="mPosition" x="1246.2946777344" y="162.7901611328" z="-2655.8796386719"/>
				<vector3 name="mAngle" x="-0.0523599982" y="1.9547679424" z="0.0000000000"/>
				<vector3 name="mScale" x="1.0000000000" y="1.0000000000" z="1.0000000000"/>
				<u32 name="PatternNo" value="0"/>
				<u32 name="mLife" value="4861072"/>
				<u32 name="mJumpInit" value="0"/>
				<class name="mItemSet" type="1492295384">
					<vector3 name="Pos" x="1246.2946777344" y="162.7901611328" z="-2655.8796386719"/>
					<vector3 name="Ang" x="-0.0523599982" y="1.9547679424" z="0.0000000000"/>
					<bool name="AutoPosition" value="false"/>
					<bool name="HitAuto" value="true"/>
					<bool name="NoCheckOba" value="false"/>
					<bool name="NoCheckEff" value="false"/>
					<classref name="Shape" type="1035932488">
						<string name="Name" value=""/>
						<f32 name="CheckAngle" value="0.0000000000"/>
						<f32 name="CheckRange" value="0.0000000000"/>
						<f32 name="CheckToward" value="0.0000000000"/>
						<bool name="AngleFlag" value="false"/>
						<bool name="TowardFlag" value="false"/>
						<vector3 name="Cone.mCenterPos" x="0.0000000000" y="-180.0000000000" z="0.0000000000"/>
						<f32 name="Cone.mHeight" value="270.0000000000"/>
						<f32 name="Cone.mTopRadius" value="220.0000000000"/>
						<f32 name="Cone.mBottomRadius" value="20.0000000000"/>
					</classref>
					<vector3 name="SetOffset" x="0.0000000000" y="0.0000000000" z="0.0000000000"/>
					<s16 name="ItemFlagNo" value="-1"/>
					<u16 name="ItemId" value="259"/>
					<s32 name="ItemNum" value="-1"/>
					<u16 name="SetType" value="3"/>
					<s16 name="SetLotNo" value="60"/>
					<s16 name="SetNo" value="7"/>
					<u8 name="EffType" value="0"/>
					<vector3 name="EffOffset" x="0.0000000000" y="0.0000000000" z="0.0000000000"/>
					<u8 name="LevelPower" value="0"/>
					<u8 name="LevelFireSpeed" value="0"/>
					<u8 name="LevelReloadSpeed" value="0"/>
					<u8 name="LevelBulletMax" value="0"/>
					<u8 name="LevelBulrRate" value="0"/>
					<u8 name="LevelCritical" value="0"/>
					<u8 name="LevelThrough" value="0"/>
					<u8 name="LevelRange" value="0"/>
					<u8 name="LevelScope" value="0"/>
				</class>
			</classref>
		</classref>
		<classref type="1637199632">
			<s32 name="mID" value="0"/>
			<string name="mInfoClass" value="cSetInfoItem"/>
			<string name="mUnitClass" value="uIt0201"/>
			<classref name="mpInfo" type="381867577">
				<string name="mName" value=""/>
				<string name="mParentName" value=""/>
				<s32 name="mParentNo" value="-2109026900"/>
				<u32 name="mOrder" value="4"/>
				<vector3 name="mPosition" x="26.0518798828" y="70.0000457764" z="2464.5239257813"/>
				<vector3 name="mAngle" x="-0.0000000000" y="1.5321710110" z="0.0000000000"/>
				<vector3 name="mScale" x="1.0000000000" y="1.0000000000" z="1.0000000000"/>
				<u32 name="PatternNo" value="0"/>
				<u32 name="mLife" value="4861073"/>
				<u32 name="mJumpInit" value="0"/>
				<class name="mItemSet" type="1492295384">
					<vector3 name="Pos" x="26.0518798828" y="70.0000457764" z="2464.5239257813"/>
					<vector3 name="Ang" x="-0.0000000000" y="1.5321710110" z="0.0000000000"/>
					<bool name="AutoPosition" value="true"/>
					<bool name="HitAuto" value="true"/>
					<bool name="NoCheckOba" value="false"/>
					<bool name="NoCheckEff" value="false"/>
					<classref name="Shape" type="1035932488">
						<string name="Name" value=""/>
						<f32 name="CheckAngle" value="0.0000000000"/>
						<f32 name="CheckRange" value="0.0000000000"/>
						<f32 name="CheckToward" value="0.0000000000"/>
						<bool name="AngleFlag" value="false"/>
						<bool name="TowardFlag" value="false"/>
						<vector3 name="Cone.mCenterPos" x="0.0000000000" y="-180.0000000000" z="0.0000000000"/>
						<f32 name="Cone.mHeight" value="270.0000000000"/>
						<f32 name="Cone.mTopRadius" value="220.0000000000"/>
						<f32 name="Cone.mBottomRadius" value="20.0000000000"/>
					</classref>
					<vector3 name="SetOffset" x="0.0000000000" y="0.0000000000" z="0.0000000000"/>
					<s16 name="ItemFlagNo" value="-1"/>
					<u16 name="ItemId" value="513"/>
					<s32 name="ItemNum" value="-1"/>
					<u16 name="SetType" value="3"/>
					<s16 name="SetLotNo" value="40"/>
					<s16 name="SetNo" value="272"/>
					<u8 name="EffType" value="1"/>
					<vector3 name="EffOffset" x="0.0000000000" y="0.0000000000" z="0.0000000000"/>
					<u8 name="LevelPower" value="0"/>
					<u8 name="LevelFireSpeed" value="0"/>
					<u8 name="LevelReloadSpeed" value="0"/>
					<u8 name="LevelBulletMax" value="0"/>
					<u8 name="LevelBulrRate" value="0"/>
					<u8 name="LevelCritical" value="0"/>
					<u8 name="LevelThrough" value="0"/>
					<u8 name="LevelRange" value="0"/>
					<u8 name="LevelScope" value="0"/>
				</class>
			</classref>
		</classref>
		<classref type="1637199632">
			<s32 name="mID" value="0"/>
			<string name="mInfoClass" value="cSetInfoItem"/>
			<string name="mUnitClass" value="uIt0201"/>
			<classref name="mpInfo" type="381867577">
				<string name="mName" value=""/>
				<string name="mParentName" value=""/>
				<s32 name="mParentNo" value="6647132"/>
				<u32 name="mOrder" value="4"/>
				<vector3 name="mPosition" x="1670.1293945313" y="50.0000000000" z="-961.8502197266"/>
				<vector3 name="mAngle" x="-0.0000000000" y="-0.7201889753" z="0.0000000000"/>
				<vector3 name="mScale" x="1.0000000000" y="1.0000000000" z="1.0000000000"/>
				<u32 name="PatternNo" value="0"/>
				<u32 name="mLife" value="4861074"/>
				<u32 name="mJumpInit" value="0"/>
				<class name="mItemSet" type="1492295384">
					<vector3 name="Pos" x="1670.1293945313" y="50.0000000000" z="-961.8502197266"/>
					<vector3 name="Ang" x="-0.0000000000" y="-0.7201889753" z="0.0000000000"/>
					<bool name="AutoPosition" value="true"/>
					<bool name="HitAuto" value="true"/>
					<bool name="NoCheckOba" value="false"/>
					<bool name="NoCheckEff" value="false"/>
					<classref name="Shape" type="1035932488">
						<string name="Name" value=""/>
						<f32 name="CheckAngle" value="0.0000000000"/>
						<f32 name="CheckRange" value="0.0000000000"/>
						<f32 name="CheckToward" value="0.0000000000"/>
						<bool name="AngleFlag" value="false"/>
						<bool name="TowardFlag" value="false"/>
						<vector3 name="Cone.mCenterPos" x="0.0000000000" y="-180.0000000000" z="0.0000000000"/>
						<f32 name="Cone.mHeight" value="270.0000000000"/>
						<f32 name="Cone.mTopRadius" value="220.0000000000"/>
						<f32 name="Cone.mBottomRadius" value="20.0000000000"/>
					</classref>
					<vector3 name="SetOffset" x="0.0000000000" y="0.0000000000" z="0.0000000000"/>
					<s16 name="ItemFlagNo" value="-1"/>
					<u16 name="ItemId" value="513"/>
					<s32 name="ItemNum" value="-1"/>
					<u16 name="SetType" value="3"/>
					<s16 name="SetLotNo" value="40"/>
					<s16 name="SetNo" value="271"/>
					<u8 name="EffType" value="1"/>
					<vector3 name="EffOffset" x="0.0000000000" y="0.0000000000" z="0.0000000000"/>
					<u8 name="LevelPower" value="0"/>
					<u8 name="LevelFireSpeed" value="0"/>
					<u8 name="LevelReloadSpeed" value="0"/>
					<u8 name="LevelBulletMax" value="0"/>
					<u8 name="LevelBulrRate" value="0"/>
					<u8 name="LevelCritical" value="0"/>
					<u8 name="LevelThrough" value="0"/>
					<u8 name="LevelRange" value="0"/>
					<u8 name="LevelScope" value="0"/>
				</class>
			</classref>
		</classref>
		<classref type="1637199632">
			<s32 name="mID" value="0"/>
			<string name="mInfoClass" value="cSetInfoItem"/>
			<string name="mUnitClass" value="uIt0202"/>
			<classref name="mpInfo" type="381867577">
				<string name="mName" value=""/>
				<string name="mParentName" value=""/>
				<s32 name="mParentNo" value="0"/>
				<u32 name="mOrder" value="4"/>
				<vector3 name="mPosition" x="-310.3594970703" y="0.0000020000" z="-1246.5853271484"/>
				<vector3 name="mAngle" x="0.0000000000" y="0.0000000000" z="0.0000000000"/>
				<vector3 name="mScale" x="1.0000000000" y="1.0000000000" z="1.0000000000"/>
				<u32 name="PatternNo" value="0"/>
				<u32 name="mLife" value="4861075"/>
				<u32 name="mJumpInit" value="0"/>
				<class name="mItemSet" type="1492295384">
					<vector3 name="Pos" x="-310.3594970703" y="0.0000020000" z="-1246.5853271484"/>
					<vector3 name="Ang" x="0.0000000000" y="0.0000000000" z="0.0000000000"/>
					<bool name="AutoPosition" value="true"/>
					<bool name="HitAuto" value="true"/>
					<bool name="NoCheckOba" value="false"/>
					<bool name="NoCheckEff" value="false"/>
					<classref name="Shape" type="1035932488">
						<string name="Name" value=""/>
						<f32 name="CheckAngle" value="0.0000000000"/>
						<f32 name="CheckRange" value="0.0000000000"/>
						<f32 name="CheckToward" value="0.0000000000"/>
						<bool name="AngleFlag" value="false"/>
						<bool name="TowardFlag" value="false"/>
						<vector3 name="Cone.mCenterPos" x="0.0000000000" y="-180.0000000000" z="0.0000000000"/>
						<f32 name="Cone.mHeight" value="270.0000000000"/>
						<f32 name="Cone.mTopRadius" value="220.0000000000"/>
						<f32 name="Cone.mBottomRadius" value="20.0000000000"/>
					</classref>
					<vector3 name="SetOffset" x="0.0000000000" y="0.0000000000" z="0.0000000000"/>
					<s16 name="ItemFlagNo" value="-1"/>
					<u16 name="ItemId" value="514"/>
					<s32 name="ItemNum" value="-1"/>
					<u16 name="SetType" value="3"/>
					<s16 name="SetLotNo" value="40"/>
					<s16 name="SetNo" value="270"/>
					<u8 name="EffType" value="1"/>
					<vector3 name="EffOffset" x="0.0000000000" y="0.0000000000" z="0.0000000000"/>
					<u8 name="LevelPower" value="0"/>
					<u8 name="LevelFireSpeed" value="0"/>
					<u8 name="LevelReloadSpeed" value="0"/>
					<u8 name="LevelBulletMax" value="0"/>
					<u8 name="LevelBulrRate" value="0"/>
					<u8 name="LevelCritical" value="0"/>
					<u8 name="LevelThrough" value="0"/>
					<u8 name="LevelRange" value="0"/>
					<u8 name="LevelScope" value="0"/>
				</class>
			</classref>
		</classref>
		<classref type="1637199632">
			<s32 name="mID" value="0"/>
			<string name="mInfoClass" value="cSetInfoItem"/>
			<string name="mUnitClass" value="uIt0201"/>
			<classref name="mpInfo" type="381867577">
				<string name="mName" value=""/>
				<string name="mParentName" value=""/>
				<s32 name="mParentNo" value="-2109026900"/>
				<u32 name="mOrder" value="4"/>
				<vector3 name="mPosition" x="781.8265380859" y="181.3864288330" z="2717.4946289063"/>
				<vector3 name="mAngle" x="-0.0000000000" y="-0.9395830035" z="0.0000000000"/>
				<vector3 name="mScale" x="1.0000000000" y="1.0000000000" z="1.0000000000"/>
				<u32 name="PatternNo" value="0"/>
				<u32 name="mLife" value="4861076"/>
				<u32 name="mJumpInit" value="0"/>
				<class name="mItemSet" type="1492295384">
					<vector3 name="Pos" x="781.8265380859" y="181.3864288330" z="2717.4946289063"/>
					<vector3 name="Ang" x="-0.0000000000" y="-0.9395830035" z="0.0000000000"/>
					<bool name="AutoPosition" value="false"/>
					<bool name="HitAuto" value="true"/>
					<bool name="NoCheckOba" value="false"/>
					<bool name="NoCheckEff" value="false"/>
					<classref name="Shape" type="1035932488">
						<string name="Name" value=""/>
						<f32 name="CheckAngle" value="0.0000000000"/>
						<f32 name="CheckRange" value="0.0000000000"/>
						<f32 name="CheckToward" value="0.0000000000"/>
						<bool name="AngleFlag" value="false"/>
						<bool name="TowardFlag" value="false"/>
						<vector3 name="Cone.mCenterPos" x="0.0000000000" y="-180.0000000000" z="0.0000000000"/>
						<f32 name="Cone.mHeight" value="270.0000000000"/>
						<f32 name="Cone.mTopRadius" value="220.0000000000"/>
						<f32 name="Cone.mBottomRadius" value="20.0000000000"/>
					</classref>
					<vector3 name="SetOffset" x="0.0000000000" y="0.0000000000" z="0.0000000000"/>
					<s16 name="ItemFlagNo" value="-1"/>
					<u16 name="ItemId" value="513"/>
					<s32 name="ItemNum" value="-1"/>
					<u16 name="SetType" value="2"/>
					<s16 name="SetLotNo" value="40"/>
					<s16 name="SetNo" value="80"/>
					<u8 name="EffType" value="6"/>
					<vector3 name="EffOffset" x="0.0000000000" y="0.0000000000" z="0.0000000000"/>
					<u8 name="LevelPower" value="0"/>
					<u8 name="LevelFireSpeed" value="0"/>
					<u8 name="LevelReloadSpeed" value="0"/>
					<u8 name="LevelBulletMax" value="0"/>
					<u8 name="LevelBulrRate" value="0"/>
					<u8 name="LevelCritical" value="0"/>
					<u8 name="LevelThrough" value="0"/>
					<u8 name="LevelRange" value="0"/>
					<u8 name="LevelScope" value="0"/>
				</class>
			</classref>
		</classref>
		<classref type="1637199632">
			<s32 name="mID" value="0"/>
			<string name="mInfoClass" value="cSetInfoItem"/>
			<string name="mUnitClass" value="uIt0201"/>
			<classref name="mpInfo" type="381867577">
				<string name="mName" value=""/>
				<string name="mParentName" value=""/>
				<s32 name="mParentNo" value="825515123"/>
				<u32 name="mOrder" value="4"/>
				<vector3 name="mPosition" x="876.3287353516" y="181.2237091064" z="2710.2058105469"/>
				<vector3 name="mAngle" x="0.0000000000" y="0.4740670025" z="0.0000000000"/>
				<vector3 name="mScale" x="1.0000000000" y="1.0000000000" z="1.0000000000"/>
				<u32 name="PatternNo" value="0"/>
				<u32 name="mLife" value="4861077"/>
				<u32 name="mJumpInit" value="0"/>
				<class name="mItemSet" type="1492295384">
					<vector3 name="Pos" x="876.3287353516" y="181.2237091064" z="2710.2058105469"/>
					<vector3 name="Ang" x="0.0000000000" y="0.4740670025" z="0.0000000000"/>
					<bool name="AutoPosition" value="false"/>
					<bool name="HitAuto" value="true"/>
					<bool name="NoCheckOba" value="false"/>
					<bool name="NoCheckEff" value="false"/>
					<classref name="Shape" type="1035932488">
						<string name="Name" value=""/>
						<f32 name="CheckAngle" value="0.0000000000"/>
						<f32 name="CheckRange" value="0.0000000000"/>
						<f32 name="CheckToward" value="0.0000000000"/>
						<bool name="AngleFlag" value="false"/>
						<bool name="TowardFlag" value="false"/>
						<vector3 name="Cone.mCenterPos" x="0.0000000000" y="-180.0000000000" z="0.0000000000"/>
						<f32 name="Cone.mHeight" value="270.0000000000"/>
						<f32 name="Cone.mTopRadius" value="220.0000000000"/>
						<f32 name="Cone.mBottomRadius" value="20.0000000000"/>
					</classref>
					<vector3 name="SetOffset" x="0.0000000000" y="0.0000000000" z="0.0000000000"/>
					<s16 name="ItemFlagNo" value="-1"/>
					<u16 name="ItemId" value="513"/>
					<s32 name="ItemNum" value="-1"/>
					<u16 name="SetType" value="2"/>
					<s16 name="SetLotNo" value="40"/>
					<s16 name="SetNo" value="250"/>
					<u8 name="EffType" value="6"/>
					<vector3 name="EffOffset" x="0.0000000000" y="0.0000000000" z="0.0000000000"/>
					<u8 name="LevelPower" value="0"/>
					<u8 name="LevelFireSpeed" value="0"/>
					<u8 name="LevelReloadSpeed" value="0"/>
					<u8 name="LevelBulletMax" value="0"/>
					<u8 name="LevelBulrRate" value="0"/>
					<u8 name="LevelCritical" value="0"/>
					<u8 name="LevelThrough" value="0"/>
					<u8 name="LevelRange" value="0"/>
					<u8 name="LevelScope" value="0"/>
				</class>
			</classref>
		</classref>
		<classref type="1637199632">
			<s32 name="mID" value="0"/>
			<string name="mInfoClass" value="cSetInfoItem"/>
			<string name="mUnitClass" value="uIt0201"/>
			<classref name="mpInfo" type="381867577">
				<string name="mName" value=""/>
				<string name="mParentName" value=""/>
				<s32 name="mParentNo" value="-2109026900"/>
				<u32 name="mOrder" value="4"/>
				<vector3 name="mPosition" x="897.5391845703" y="487.6742553711" z="2183.0786132813"/>
				<vector3 name="mAngle" x="-0.0000000000" y="0.3779000044" z="0.0000000000"/>
				<vector3 name="mScale" x="1.0000000000" y="1.0000000000" z="1.0000000000"/>
				<u32 name="PatternNo" value="0"/>
				<u32 name="mLife" value="4861078"/>
				<u32 name="mJumpInit" value="0"/>
				<class name="mItemSet" type="1492295384">
					<vector3 name="Pos" x="897.5391845703" y="487.6742553711" z="2183.0786132813"/>
					<vector3 name="Ang" x="-0.0000000000" y="0.3779000044" z="0.0000000000"/>
					<bool name="AutoPosition" value="false"/>
					<bool name="HitAuto" value="true"/>
					<bool name="NoCheckOba" value="false"/>
					<bool name="NoCheckEff" value="false"/>
					<classref name="Shape" type="1035932488">
						<string name="Name" value=""/>
						<f32 name="CheckAngle" value="0.0000000000"/>
						<f32 name="CheckRange" value="0.0000000000"/>
						<f32 name="CheckToward" value="0.0000000000"/>
						<bool name="AngleFlag" value="false"/>
						<bool name="TowardFlag" value="false"/>
						<vector3 name="Cone.mCenterPos" x="0.0000000000" y="-180.0000000000" z="0.0000000000"/>
						<f32 name="Cone.mHeight" value="270.0000000000"/>
						<f32 name="Cone.mTopRadius" value="220.0000000000"/>
						<f32 name="Cone.mBottomRadius" value="20.0000000000"/>
					</classref>
					<vector3 name="SetOffset" x="0.0000000000" y="0.0000000000" z="0.0000000000"/>
					<s16 name="ItemFlagNo" value="-1"/>
					<u16 name="ItemId" value="513"/>
					<s32 name="ItemNum" value="-1"/>
					<u16 name="SetType" value="2"/>
					<s16 name="SetLotNo" value="40"/>
					<s16 name="SetNo" value="251"/>
					<u8 name="EffType" value="6"/>
					<vector3 name="EffOffset" x="0.0000000000" y="0.0000000000" z="0.0000000000"/>
					<u8 name="LevelPower" value="0"/>
					<u8 name="LevelFireSpeed" value="0"/>
					<u8 name="LevelReloadSpeed" value="0"/>
					<u8 name="LevelBulletMax" value="0"/>
					<u8 name="LevelBulrRate" value="0"/>
					<u8 name="LevelCritical" value="0"/>
					<u8 name="LevelThrough" value="0"/>
					<u8 name="LevelRange" value="0"/>
					<u8 name="LevelScope" value="0"/>
				</class>
			</classref>
		</classref>
		<classref type="1637199632">
			<s32 name="mID" value="0"/>
			<string name="mInfoClass" value="cSetInfoItem"/>
			<string name="mUnitClass" value="uIt0201"/>
			<classref name="mpInfo" type="381867577">
				<string name="mName" value=""/>
				<string name="mParentName" value=""/>
				<s32 name="mParentNo" value="825515123"/>
				<u32 name="mOrder" value="4"/>
				<vector3 name="mPosition" x="-319.2109985352" y="97.6751480103" z="-898.9245605469"/>
				<vector3 name="mAngle" x="0.0000000000" y="2.0966839790" z="0.0000000000"/>
				<vector3 name="mScale" x="1.0000000000" y="1.0000000000" z="1.0000000000"/>
				<u32 name="PatternNo" value="0"/>
				<u32 name="mLife" value="4861079"/>
				<u32 name="mJumpInit" value="0"/>
				<class name="mItemSet" type="1492295384">
					<vector3 name="Pos" x="-319.2109985352" y="97.6751480103" z="-898.9245605469"/>
					<vector3 name="Ang" x="0.0000000000" y="2.0966839790" z="0.0000000000"/>
					<bool name="AutoPosition" value="false"/>
					<bool name="HitAuto" value="true"/>
					<bool name="NoCheckOba" value="true"/>
					<bool name="NoCheckEff" value="true"/>
					<classref name="Shape" type="1035932488">
						<string name="Name" value=""/>
						<f32 name="CheckAngle" value="0.0000000000"/>
						<f32 name="CheckRange" value="0.0000000000"/>
						<f32 name="CheckToward" value="0.0000000000"/>
						<bool name="AngleFlag" value="false"/>
						<bool name="TowardFlag" value="false"/>
						<vector3 name="Cone.mCenterPos" x="0.0000000000" y="-180.0000000000" z="0.0000000000"/>
						<f32 name="Cone.mHeight" value="270.0000000000"/>
						<f32 name="Cone.mTopRadius" value="220.0000000000"/>
						<f32 name="Cone.mBottomRadius" value="20.0000000000"/>
					</classref>
					<vector3 name="SetOffset" x="0.0000000000" y="0.0000000000" z="0.0000000000"/>
					<s16 name="ItemFlagNo" value="-1"/>
					<u16 name="ItemId" value="513"/>
					<s32 name="ItemNum" value="-1"/>
					<u16 name="SetType" value="0"/>
					<s16 name="SetLotNo" value="40"/>
					<s16 name="SetNo" value="254"/>
					<u8 name="EffType" value="1"/>
					<vector3 name="EffOffset" x="0.0000000000" y="0.0000000000" z="0.0000000000"/>
					<u8 name="LevelPower" value="0"/>
					<u8 name="LevelFireSpeed" value="0"/>
					<u8 name="LevelReloadSpeed" value="0"/>
					<u8 name="LevelBulletMax" value="0"/>
					<u8 name="LevelBulrRate" value="0"/>
					<u8 name="LevelCritical" value="0"/>
					<u8 name="LevelThrough" value="0"/>
					<u8 name="LevelRange" value="0"/>
					<u8 name="LevelScope" value="0"/>
				</class>
			</classref>
		</classref>
		<classref type="1637199632">
			<s32 name="mID" value="0"/>
			<string name="mInfoClass" value="cSetInfoItem"/>
			<string name="mUnitClass" value="uIt0401"/>
			<classref name="mpInfo" type="381867577">
				<string name="mName" value=""/>
				<string name="mParentName" value=""/>
				<s32 name="mParentNo" value="-2108163944"/>
				<u32 name="mOrder" value="4"/>
				<vector3 name="mPosition" x="-1246.6697998047" y="-199.9999694824" z="-3538.2216796875"/>
				<vector3 name="mAngle" x="0.0000000000" y="0.0000000000" z="0.0000000000"/>
				<vector3 name="mScale" x="1.0000000000" y="1.0000000000" z="1.0000000000"/>
				<u32 name="PatternNo" value="0"/>
				<u32 name="mLife" value="4861080"/>
				<u32 name="mJumpInit" value="0"/>
				<class name="mItemSet" type="1492295384">
					<vector3 name="Pos" x="-1246.6697998047" y="-199.9999694824" z="-3538.2216796875"/>
					<vector3 name="Ang" x="0.0000000000" y="0.0000000000" z="0.0000000000"/>
					<bool name="AutoPosition" value="true"/>
					<bool name="HitAuto" value="true"/>
					<bool name="NoCheckOba" value="false"/>
					<bool name="NoCheckEff" value="false"/>
					<classref name="Shape" type="1035932488">
						<string name="Name" value=""/>
						<f32 name="CheckAngle" value="0.0000000000"/>
						<f32 name="CheckRange" value="0.0000000000"/>
						<f32 name="CheckToward" value="0.0000000000"/>
						<bool name="AngleFlag" value="false"/>
						<bool name="TowardFlag" value="false"/>
						<vector3 name="Cone.mCenterPos" x="0.0000000000" y="-180.0000000000" z="0.0000000000"/>
						<f32 name="Cone.mHeight" value="270.0000000000"/>
						<f32 name="Cone.mTopRadius" value="220.0000000000"/>
						<f32 name="Cone.mBottomRadius" value="20.0000000000"/>
					</classref>
					<vector3 name="SetOffset" x="0.0000000000" y="0.0000000000" z="0.0000000000"/>
					<s16 name="ItemFlagNo" value="-1"/>
					<u16 name="ItemId" value="1025"/>
					<s32 name="ItemNum" value="400"/>
					<u16 name="SetType" value="2"/>
					<s16 name="SetLotNo" value="40"/>
					<s16 name="SetNo" value="219"/>
					<u8 name="EffType" value="0"/>
					<vector3 name="EffOffset" x="0.0000000000" y="0.0000000000" z="0.0000000000"/>
					<u8 name="LevelPower" value="0"/>
					<u8 name="LevelFireSpeed" value="0"/>
					<u8 name="LevelReloadSpeed" value="0"/>
					<u8 name="LevelBulletMax" value="0"/>
					<u8 name="LevelBulrRate" value="0"/>
					<u8 name="LevelCritical" value="0"/>
					<u8 name="LevelThrough" value="0"/>
					<u8 name="LevelRange" value="0"/>
					<u8 name="LevelScope" value="0"/>
				</class>
			</classref>
		</classref>
		<classref type="1637199632">
			<s32 name="mID" value="0"/>
			<string name="mInfoClass" value="cSetInfoItem"/>
			<string name="mUnitClass" value="uWp06"/>
			<classref name="mpInfo" type="381867577">
				<string name="mName" value=""/>
				<string name="mParentName" value=""/>
				<s32 name="mParentNo" value="919163804"/>
				<u32 name="mOrder" value="4"/>
				<vector3 name="mPosition" x="16.9649028778" y="154.1997222900" z="-2433.1303710938"/>
				<vector3 name="mAngle" x="-1.4976359606" y="-0.6029999852" z="1.0731159449"/>
				<vector3 name="mScale" x="1.0000000000" y="1.0000000000" z="1.0000000000"/>
				<u32 name="PatternNo" value="0"/>
				<u32 name="mLife" value="4861081"/>
				<u32 name="mJumpInit" value="0"/>
				<class name="mItemSet" type="1492295384">
					<vector3 name="Pos" x="16.9649028778" y="154.1997222900" z="-2433.1303710938"/>
					<vector3 name="Ang" x="-1.4976359606" y="-0.6029999852" z="1.0731159449"/>
					<bool name="AutoPosition" value="false"/>
					<bool name="HitAuto" value="true"/>
					<bool name="NoCheckOba" value="false"/>
					<bool name="NoCheckEff" value="false"/>
					<classref name="Shape" type="1035932488">
						<string name="Name" value=""/>
						<f32 name="CheckAngle" value="0.0000000000"/>
						<f32 name="CheckRange" value="0.0000000000"/>
						<f32 name="CheckToward" value="0.0000000000"/>
						<bool name="AngleFlag" value="false"/>
						<bool name="TowardFlag" value="false"/>
						<vector3 name="Cone.mCenterPos" x="0.0000000000" y="-180.0000000000" z="0.0000000000"/>
						<f32 name="Cone.mHeight" value="270.0000000000"/>
						<f32 name="Cone.mTopRadius" value="220.0000000000"/>
						<f32 name="Cone.mBottomRadius" value="20.0000000000"/>
					</classref>
					<vector3 name="SetOffset" x="0.0000000000" y="0.0000000000" z="0.0000000000"/>
					<s16 name="ItemFlagNo" value="-1"/>
					<u16 name="ItemId" value="262"/>
					<s32 name="ItemNum" value="-1"/>
					<u16 name="SetType" value="2"/>
					<s16 name="SetLotNo" value="40"/>
					<s16 name="SetNo" value="86"/>
					<u8 name="EffType" value="6"/>
					<vector3 name="EffOffset" x="0.0000000000" y="0.0000000000" z="0.0000000000"/>
					<u8 name="LevelPower" value="0"/>
					<u8 name="LevelFireSpeed" value="0"/>
					<u8 name="LevelReloadSpeed" value="0"/>
					<u8 name="LevelBulletMax" value="0"/>
					<u8 name="LevelBulrRate" value="0"/>
					<u8 name="LevelCritical" value="0"/>
					<u8 name="LevelThrough" value="0"/>
					<u8 name="LevelRange" value="0"/>
					<u8 name="LevelScope" value="0"/>
				</class>
			</classref>
		</classref>
		<classref type="1637199632">
			<s32 name="mID" value="0"/>
			<string name="mInfoClass" value="cSetInfoItem"/>
			<string name="mUnitClass" value="uWp06"/>
			<classref name="mpInfo" type="381867577">
				<string name="mName" value=""/>
				<string name="mParentName" value=""/>
				<s32 name="mParentNo" value="-1"/>
				<u32 name="mOrder" value="4"/>
				<vector3 name="mPosition" x="142.2397155762" y="190.1387176514" z="1874.6072998047"/>
				<vector3 name="mAngle" x="-0.8622940183" y="-0.2784639895" z="1.4094569683"/>
				<vector3 name="mScale" x="1.0000000000" y="1.0000000000" z="1.0000000000"/>
				<u32 name="PatternNo" value="0"/>
				<u32 name="mLife" value="4861082"/>
				<u32 name="mJumpInit" value="0"/>
				<class name="mItemSet" type="1492295384">
					<vector3 name="Pos" x="142.2397155762" y="190.1387176514" z="1874.6072998047"/>
					<vector3 name="Ang" x="-0.8622940183" y="-0.2784639895" z="1.4094569683"/>
					<bool name="AutoPosition" value="false"/>
					<bool name="HitAuto" value="true"/>
					<bool name="NoCheckOba" value="false"/>
					<bool name="NoCheckEff" value="false"/>
					<classref name="Shape" type="1035932488">
						<string name="Name" value=""/>
						<f32 name="CheckAngle" value="0.0000000000"/>
						<f32 name="CheckRange" value="0.0000000000"/>
						<f32 name="CheckToward" value="0.0000000000"/>
						<bool name="AngleFlag" value="false"/>
						<bool name="TowardFlag" value="false"/>
						<vector3 name="Cone.mCenterPos" x="0.0000000000" y="-157.0231170654" z="0.0000000000"/>
						<f32 name="Cone.mHeight" value="270.0000000000"/>
						<f32 name="Cone.mTopRadius" value="220.0000000000"/>
						<f32 name="Cone.mBottomRadius" value="20.0000000000"/>
					</classref>
					<vector3 name="SetOffset" x="0.0000000000" y="0.0000000000" z="0.0000000000"/>
					<s16 name="ItemFlagNo" value="-1"/>
					<u16 name="ItemId" value="262"/>
					<s32 name="ItemNum" value="-1"/>
					<u16 name="SetType" value="2"/>
					<s16 name="SetLotNo" value="40"/>
					<s16 name="SetNo" value="85"/>
					<u8 name="EffType" value="6"/>
					<vector3 name="EffOffset" x="0.0000000000" y="0.0000000000" z="0.0000000000"/>
					<u8 name="LevelPower" value="0"/>
					<u8 name="LevelFireSpeed" value="0"/>
					<u8 name="LevelReloadSpeed" value="0"/>
					<u8 name="LevelBulletMax" value="0"/>
					<u8 name="LevelBulrRate" value="0"/>
					<u8 name="LevelCritical" value="0"/>
					<u8 name="LevelThrough" value="0"/>
					<u8 name="LevelRange" value="0"/>
					<u8 name="LevelScope" value="0"/>
				</class>
			</classref>
		</classref>
		<classref type="1637199632">
			<s32 name="mID" value="0"/>
			<string name="mInfoClass" value="cSetInfoItem"/>
			<string name="mUnitClass" value="uIt0201"/>
			<classref name="mpInfo" type="381867577">
				<string name="mName" value=""/>
				<string name="mParentName" value=""/>
				<s32 name="mParentNo" value="1551331420"/>
				<u32 name="mOrder" value="4"/>
				<vector3 name="mPosition" x="-423.4398193359" y="149.8640289307" z="-2853.7829589844"/>
				<vector3 name="mAngle" x="-0.0000000000" y="-0.2964490056" z="0.0000000000"/>
				<vector3 name="mScale" x="1.0000000000" y="1.0000000000" z="1.0000000000"/>
				<u32 name="PatternNo" value="0"/>
				<u32 name="mLife" value="4861083"/>
				<u32 name="mJumpInit" value="0"/>
				<class name="mItemSet" type="1492295384">
					<vector3 name="Pos" x="-423.4398193359" y="149.8640289307" z="-2853.7829589844"/>
					<vector3 name="Ang" x="-0.0000000000" y="-0.2964490056" z="0.0000000000"/>
					<bool name="AutoPosition" value="true"/>
					<bool name="HitAuto" value="true"/>
					<bool name="NoCheckOba" value="false"/>
					<bool name="NoCheckEff" value="false"/>
					<classref name="Shape" type="1035932488">
						<string name="Name" value=""/>
						<f32 name="CheckAngle" value="0.0000000000"/>
						<f32 name="CheckRange" value="0.0000000000"/>
						<f32 name="CheckToward" value="0.0000000000"/>
						<bool name="AngleFlag" value="false"/>
						<bool name="TowardFlag" value="false"/>
						<vector3 name="Cone.mCenterPos" x="0.0000000000" y="-180.0000000000" z="0.0000000000"/>
						<f32 name="Cone.mHeight" value="270.0000000000"/>
						<f32 name="Cone.mTopRadius" value="220.0000000000"/>
						<f32 name="Cone.mBottomRadius" value="20.0000000000"/>
					</classref>
					<vector3 name="SetOffset" x="0.0000000000" y="0.0000000000" z="0.0000000000"/>
					<s16 name="ItemFlagNo" value="-1"/>
					<u16 name="ItemId" value="513"/>
					<s32 name="ItemNum" value="-1"/>
					<u16 name="SetType" value="0"/>
					<s16 name="SetLotNo" value="-1"/>
					<s16 name="SetNo" value="-1"/>
					<u8 name="EffType" value="1"/>
					<vector3 name="EffOffset" x="0.0000000000" y="0.0000000000" z="0.0000000000"/>
					<u8 name="LevelPower" value="0"/>
					<u8 name="LevelFireSpeed" value="0"/>
					<u8 name="LevelReloadSpeed" value="0"/>
					<u8 name="LevelBulletMax" value="0"/>
					<u8 name="LevelBulrRate" value="0"/>
					<u8 name="LevelCritical" value="0"/>
					<u8 name="LevelThrough" value="0"/>
					<u8 name="LevelRange" value="0"/>
					<u8 name="LevelScope" value="0"/>
				</class>
			</classref>
		</classref>
		<classref type="1637199632">
			<s32 name="mID" value="0"/>
			<string name="mInfoClass" value="cSetInfoItem"/>
			<string name="mUnitClass" value="uIt0201"/>
			<classref name="mpInfo" type="381867577">
				<string name="mName" value=""/>
				<string name="mParentName" value=""/>
				<s32 name="mParentNo" value="-2109026900"/>
				<u32 name="mOrder" value="4"/>
				<vector3 name="mPosition" x="-16.6958370209" y="162.8772430420" z="2705.7941894531"/>
				<vector3 name="mAngle" x="-0.0000000000" y="-0.7394520044" z="0.0000000000"/>
				<vector3 name="mScale" x="1.0000000000" y="1.0000000000" z="1.0000000000"/>
				<u32 name="PatternNo" value="0"/>
				<u32 name="mLife" value="4861084"/>
				<u32 name="mJumpInit" value="0"/>
				<class name="mItemSet" type="1492295384">
					<vector3 name="Pos" x="-16.6958370209" y="162.8772430420" z="2705.7941894531"/>
					<vector3 name="Ang" x="-0.0000000000" y="-0.7394520044" z="0.0000000000"/>
					<bool name="AutoPosition" value="true"/>
					<bool name="HitAuto" value="true"/>
					<bool name="NoCheckOba" value="false"/>
					<bool name="NoCheckEff" value="false"/>
					<classref name="Shape" type="1035932488">
						<string name="Name" value=""/>
						<f32 name="CheckAngle" value="0.0000000000"/>
						<f32 name="CheckRange" value="0.0000000000"/>
						<f32 name="CheckToward" value="0.0000000000"/>
						<bool name="AngleFlag" value="false"/>
						<bool name="TowardFlag" value="false"/>
						<vector3 name="Cone.mCenterPos" x="0.0000000000" y="-180.0000000000" z="0.0000000000"/>
						<f32 name="Cone.mHeight" value="270.0000000000"/>
						<f32 name="Cone.mTopRadius" value="220.0000000000"/>
						<f32 name="Cone.mBottomRadius" value="20.0000000000"/>
					</classref>
					<vector3 name="SetOffset" x="0.0000000000" y="0.0000000000" z="0.0000000000"/>
					<s16 name="ItemFlagNo" value="-1"/>
					<u16 name="ItemId" value="513"/>
					<s32 name="ItemNum" value="-1"/>
					<u16 name="SetType" value="0"/>
					<s16 name="SetLotNo" value="-1"/>
					<s16 name="SetNo" value="-1"/>
					<u8 name="EffType" value="1"/>
					<vector3 name="EffOffset" x="0.0000000000" y="0.0000000000" z="0.0000000000"/>
					<u8 name="LevelPower" value="0"/>
					<u8 name="LevelFireSpeed" value="0"/>
					<u8 name="LevelReloadSpeed" value="0"/>
					<u8 name="LevelBulletMax" value="0"/>
					<u8 name="LevelBulrRate" value="0"/>
					<u8 name="LevelCritical" value="0"/>
					<u8 name="LevelThrough" value="0"/>
					<u8 name="LevelRange" value="0"/>
					<u8 name="LevelScope" value="0"/>
				</class>
			</classref>
		</classref>
		<classref type="1637199632">
			<s32 name="mID" value="0"/>
			<string name="mInfoClass" value="cSetInfoItem"/>
			<string name="mUnitClass" value="uIt0201"/>
			<classref name="mpInfo" type="381867577">
				<string name="mName" value=""/>
				<string name="mParentName" value=""/>
				<s32 name="mParentNo" value="1232351280"/>
				<u32 name="mOrder" value="4"/>
				<vector3 name="mPosition" x="-646.4188842773" y="106.6336669922" z="-632.6048583984"/>
				<vector3 name="mAngle" x="0.0000000000" y="-0.2672460079" z="-0.1221729964"/>
				<vector3 name="mScale" x="1.0000000000" y="1.0000000000" z="1.0000000000"/>
				<u32 name="PatternNo" value="0"/>
				<u32 name="mLife" value="4861085"/>
				<u32 name="mJumpInit" value="0"/>
				<class name="mItemSet" type="1492295384">
					<vector3 name="Pos" x="-646.4188842773" y="106.6336669922" z="-632.6048583984"/>
					<vector3 name="Ang" x="0.0000000000" y="-0.2672460079" z="-0.1221729964"/>
					<bool name="AutoPosition" value="false"/>
					<bool name="HitAuto" value="true"/>
					<bool name="NoCheckOba" value="false"/>
					<bool name="NoCheckEff" value="false"/>
					<classref name="Shape" type="1035932488">
						<string name="Name" value=""/>
						<f32 name="CheckAngle" value="0.0000000000"/>
						<f32 name="CheckRange" value="0.0000000000"/>
						<f32 name="CheckToward" value="0.0000000000"/>
						<bool name="AngleFlag" value="false"/>
						<bool name="TowardFlag" value="false"/>
						<vector3 name="Cone.mCenterPos" x="0.0000000000" y="-180.0000000000" z="0.0000000000"/>
						<f32 name="Cone.mHeight" value="270.0000000000"/>
						<f32 name="Cone.mTopRadius" value="220.0000000000"/>
						<f32 name="Cone.mBottomRadius" value="20.0000000000"/>
					</classref>
					<vector3 name="SetOffset" x="0.0000000000" y="0.0000000000" z="0.0000000000"/>
					<s16 name="ItemFlagNo" value="-1"/>
					<u16 name="ItemId" value="513"/>
					<s32 name="ItemNum" value="-1"/>
					<u16 name="SetType" value="0"/>
					<s16 name="SetLotNo" value="-1"/>
					<s16 name="SetNo" value="-1"/>
					<u8 name="EffType" value="1"/>
					<vector3 name="EffOffset" x="0.0000000000" y="0.0000000000" z="0.0000000000"/>
					<u8 name="LevelPower" value="0"/>
					<u8 name="LevelFireSpeed" value="0"/>
					<u8 name="LevelReloadSpeed" value="0"/>
					<u8 name="LevelBulletMax" value="0"/>
					<u8 name="LevelBulrRate" value="0"/>
					<u8 name="LevelCritical" value="0"/>
					<u8 name="LevelThrough" value="0"/>
					<u8 name="LevelRange" value="0"/>
					<u8 name="LevelScope" value="0"/>
				</class>
			</classref>
		</classref>
		<classref type="1637199632">
			<s32 name="mID" value="0"/>
			<string name="mInfoClass" value="cSetInfoItem"/>
			<string name="mUnitClass" value="uIt0201"/>
			<classref name="mpInfo" type="381867577">
				<string name="mName" value=""/>
				<string name="mParentName" value=""/>
				<s32 name="mParentNo" value="1667787126"/>
				<u32 name="mOrder" value="4"/>
				<vector3 name="mPosition" x="-661.3626098633" y="79.3706207275" z="-328.5959472656"/>
				<vector3 name="mAngle" x="0.0000000000" y="-1.6490319967" z="0.2443459928"/>
				<vector3 name="mScale" x="1.0000000000" y="1.0000000000" z="1.0000000000"/>
				<u32 name="PatternNo" value="0"/>
				<u32 name="mLife" value="4861086"/>
				<u32 name="mJumpInit" value="0"/>
				<class name="mItemSet" type="1492295384">
					<vector3 name="Pos" x="-661.3626098633" y="79.3706207275" z="-328.5959472656"/>
					<vector3 name="Ang" x="0.0000000000" y="-1.6490319967" z="0.2443459928"/>
					<bool name="AutoPosition" value="true"/>
					<bool name="HitAuto" value="true"/>
					<bool name="NoCheckOba" value="false"/>
					<bool name="NoCheckEff" value="false"/>
					<classref name="Shape" type="1035932488">
						<string name="Name" value=""/>
						<f32 name="CheckAngle" value="0.0000000000"/>
						<f32 name="CheckRange" value="0.0000000000"/>
						<f32 name="CheckToward" value="0.0000000000"/>
						<bool name="AngleFlag" value="false"/>
						<bool name="TowardFlag" value="false"/>
						<vector3 name="Cone.mCenterPos" x="0.0000000000" y="-180.0000000000" z="0.0000000000"/>
						<f32 name="Cone.mHeight" value="270.0000000000"/>
						<f32 name="Cone.mTopRadius" value="220.0000000000"/>
						<f32 name="Cone.mBottomRadius" value="20.0000000000"/>
					</classref>
					<vector3 name="SetOffset" x="0.0000000000" y="0.0000000000" z="0.0000000000"/>
					<s16 name="ItemFlagNo" value="-1"/>
					<u16 name="ItemId" value="513"/>
					<s32 name="ItemNum" value="-1"/>
					<u16 name="SetType" value="0"/>
					<s16 name="SetLotNo" value="-1"/>
					<s16 name="SetNo" value="-1"/>
					<u8 name="EffType" value="1"/>
					<vector3 name="EffOffset" x="0.0000000000" y="0.0000000000" z="0.0000000000"/>
					<u8 name="LevelPower" value="0"/>
					<u8 name="LevelFireSpeed" value="0"/>
					<u8 name="LevelReloadSpeed" value="0"/>
					<u8 name="LevelBulletMax" value="0"/>
					<u8 name="LevelBulrRate" value="0"/>
					<u8 name="LevelCritical" value="0"/>
					<u8 name="LevelThrough" value="0"/>
					<u8 name="LevelRange" value="0"/>
					<u8 name="LevelScope" value="0"/>
				</class>
			</classref>
		</classref>
		<classref type="1637199632">
			<s32 name="mID" value="0"/>
			<string name="mInfoClass" value="cSetInfoItem"/>
			<string name="mUnitClass" value="uIt0201"/>
			<classref name="mpInfo" type="381867577">
				<string name="mName" value=""/>
				<string name="mParentName" value=""/>
				<s32 name="mParentNo" value="0"/>
				<u32 name="mOrder" value="4"/>
				<vector3 name="mPosition" x="-152.4349975586" y="174.5102691650" z="2641.2731933594"/>
				<vector3 name="mAngle" x="-0.0000000000" y="-0.9610940218" z="0.0000000000"/>
				<vector3 name="mScale" x="1.0000000000" y="1.0000000000" z="1.0000000000"/>
				<u32 name="PatternNo" value="0"/>
				<u32 name="mLife" value="4861087"/>
				<u32 name="mJumpInit" value="0"/>
				<class name="mItemSet" type="1492295384">
					<vector3 name="Pos" x="-152.4349975586" y="174.5102691650" z="2641.2731933594"/>
					<vector3 name="Ang" x="-0.0000000000" y="-0.9610940218" z="0.0000000000"/>
					<bool name="AutoPosition" value="true"/>
					<bool name="HitAuto" value="true"/>
					<bool name="NoCheckOba" value="false"/>
					<bool name="NoCheckEff" value="false"/>
					<classref name="Shape" type="1035932488">
						<string name="Name" value=""/>
						<f32 name="CheckAngle" value="0.0000000000"/>
						<f32 name="CheckRange" value="0.0000000000"/>
						<f32 name="CheckToward" value="0.0000000000"/>
						<bool name="AngleFlag" value="false"/>
						<bool name="TowardFlag" value="false"/>
						<vector3 name="Cone.mCenterPos" x="0.0000000000" y="-180.0000000000" z="0.0000000000"/>
						<f32 name="Cone.mHeight" value="270.0000000000"/>
						<f32 name="Cone.mTopRadius" value="220.0000000000"/>
						<f32 name="Cone.mBottomRadius" value="20.0000000000"/>
					</classref>
					<vector3 name="SetOffset" x="0.0000000000" y="0.0000000000" z="0.0000000000"/>
					<s16 name="ItemFlagNo" value="-1"/>
					<u16 name="ItemId" value="513"/>
					<s32 name="ItemNum" value="-1"/>
					<u16 name="SetType" value="0"/>
					<s16 name="SetLotNo" value="-1"/>
					<s16 name="SetNo" value="-1"/>
					<u8 name="EffType" value="1"/>
					<vector3 name="EffOffset" x="0.0000000000" y="0.0000000000" z="0.0000000000"/>
					<u8 name="LevelPower" value="0"/>
					<u8 name="LevelFireSpeed" value="0"/>
					<u8 name="LevelReloadSpeed" value="0"/>
					<u8 name="LevelBulletMax" value="0"/>
					<u8 name="LevelBulrRate" value="0"/>
					<u8 name="LevelCritical" value="0"/>
					<u8 name="LevelThrough" value="0"/>
					<u8 name="LevelRange" value="0"/>
					<u8 name="LevelScope" value="0"/>
				</class>
			</classref>
		</classref>
		<classref type="1637199632">
			<s32 name="mID" value="0"/>
			<string name="mInfoClass" value="cSetInfoItem"/>
			<string name="mUnitClass" value="uIt0201"/>
			<classref name="mpInfo" type="381867577">
				<string name="mName" value=""/>
				<string name="mParentName" value=""/>
				<s32 name="mParentNo" value="1667787126"/>
				<u32 name="mOrder" value="4"/>
				<vector3 name="mPosition" x="590.7548828125" y="498.1200561523" z="2495.5439453125"/>
				<vector3 name="mAngle" x="0.0000000000" y="0.4087379873" z="0.0000000000"/>
				<vector3 name="mScale" x="1.0000000000" y="1.0000000000" z="1.0000000000"/>
				<u32 name="PatternNo" value="0"/>
				<u32 name="mLife" value="4861088"/>
				<u32 name="mJumpInit" value="0"/>
				<class name="mItemSet" type="1492295384">
					<vector3 name="Pos" x="590.7548828125" y="498.1200561523" z="2495.5439453125"/>
					<vector3 name="Ang" x="0.0000000000" y="0.4087379873" z="0.0000000000"/>
					<bool name="AutoPosition" value="true"/>
					<bool name="HitAuto" value="true"/>
					<bool name="NoCheckOba" value="false"/>
					<bool name="NoCheckEff" value="false"/>
					<classref name="Shape" type="1035932488">
						<string name="Name" value=""/>
						<f32 name="CheckAngle" value="0.0000000000"/>
						<f32 name="CheckRange" value="0.0000000000"/>
						<f32 name="CheckToward" value="0.0000000000"/>
						<bool name="AngleFlag" value="false"/>
						<bool name="TowardFlag" value="false"/>
						<vector3 name="Cone.mCenterPos" x="0.0000000000" y="-180.0000000000" z="0.0000000000"/>
						<f32 name="Cone.mHeight" value="270.0000000000"/>
						<f32 name="Cone.mTopRadius" value="220.0000000000"/>
						<f32 name="Cone.mBottomRadius" value="20.0000000000"/>
					</classref>
					<vector3 name="SetOffset" x="0.0000000000" y="0.0000000000" z="0.0000000000"/>
					<s16 name="ItemFlagNo" value="-1"/>
					<u16 name="ItemId" value="513"/>
					<s32 name="ItemNum" value="-1"/>
					<u16 name="SetType" value="0"/>
					<s16 name="SetLotNo" value="-1"/>
					<s16 name="SetNo" value="-1"/>
					<u8 name="EffType" value="1"/>
					<vector3 name="EffOffset" x="0.0000000000" y="0.0000000000" z="0.0000000000"/>
					<u8 name="LevelPower" value="0"/>
					<u8 name="LevelFireSpeed" value="0"/>
					<u8 name="LevelReloadSpeed" value="0"/>
					<u8 name="LevelBulletMax" value="0"/>
					<u8 name="LevelBulrRate" value="0"/>
					<u8 name="LevelCritical" value="0"/>
					<u8 name="LevelThrough" value="0"/>
					<u8 name="LevelRange" value="0"/>
					<u8 name="LevelScope" value="0"/>
				</class>
			</classref>
		</classref>
		<classref type="1637199632">
			<s32 name="mID" value="0"/>
			<string name="mInfoClass" value="cSetInfoItem"/>
			<string name="mUnitClass" value="uIt0202"/>
			<classref name="mpInfo" type="381867577">
				<string name="mName" value=""/>
				<string name="mParentName" value=""/>
				<s32 name="mParentNo" value="-2105696764"/>
				<u32 name="mOrder" value="4"/>
				<vector3 name="mPosition" x="1940.0670166016" y="194.1957550049" z="-607.8532714844"/>
				<vector3 name="mAngle" x="-0.0000000000" y="0.3441649973" z="0.0000000000"/>
				<vector3 name="mScale" x="1.0000000000" y="1.0000000000" z="1.0000000000"/>
				<u32 name="PatternNo" value="0"/>
				<u32 name="mLife" value="4861089"/>
				<u32 name="mJumpInit" value="0"/>
				<class name="mItemSet" type="1492295384">
					<vector3 name="Pos" x="1940.0670166016" y="194.1957550049" z="-607.8532714844"/>
					<vector3 name="Ang" x="-0.0000000000" y="0.3441649973" z="0.0000000000"/>
					<bool name="AutoPosition" value="true"/>
					<bool name="HitAuto" value="true"/>
					<bool name="NoCheckOba" value="false"/>
					<bool name="NoCheckEff" value="false"/>
					<classref name="Shape" type="1035932488">
						<string name="Name" value=""/>
						<f32 name="CheckAngle" value="0.0000000000"/>
						<f32 name="CheckRange" value="0.0000000000"/>
						<f32 name="CheckToward" value="0.0000000000"/>
						<bool name="AngleFlag" value="false"/>
						<bool name="TowardFlag" value="false"/>
						<vector3 name="Cone.mCenterPos" x="0.0000000000" y="-180.0000000000" z="0.0000000000"/>
						<f32 name="Cone.mHeight" value="270.0000000000"/>
						<f32 name="Cone.mTopRadius" value="220.0000000000"/>
						<f32 name="Cone.mBottomRadius" value="20.0000000000"/>
					</classref>
					<vector3 name="SetOffset" x="0.0000000000" y="0.0000000000" z="0.0000000000"/>
					<s16 name="ItemFlagNo" value="-1"/>
					<u16 name="ItemId" value="514"/>
					<s32 name="ItemNum" value="-1"/>
					<u16 name="SetType" value="0"/>
					<s16 name="SetLotNo" value="-1"/>
					<s16 name="SetNo" value="-1"/>
					<u8 name="EffType" value="1"/>
					<vector3 name="EffOffset" x="0.0000000000" y="0.0000000000" z="0.0000000000"/>
					<u8 name="LevelPower" value="0"/>
					<u8 name="LevelFireSpeed" value="0"/>
					<u8 name="LevelReloadSpeed" value="0"/>
					<u8 name="LevelBulletMax" value="0"/>
					<u8 name="LevelBulrRate" value="0"/>
					<u8 name="LevelCritical" value="0"/>
					<u8 name="LevelThrough" value="0"/>
					<u8 name="LevelRange" value="0"/>
					<u8 name="LevelScope" value="0"/>
				</class>
			</classref>
		</classref>
		<classref type="1637199632">
			<s32 name="mID" value="0"/>
			<string name="mInfoClass" value="cSetInfoItem"/>
			<string name="mUnitClass" value="uIt0301"/>
			<classref name="mpInfo" type="381867577">
				<string name="mName" value=""/>
				<string name="mParentName" value=""/>
				<s32 name="mParentNo" value="1667787126"/>
				<u32 name="mOrder" value="4"/>
				<vector3 name="mPosition" x="-745.0078125000" y="310.5552062988" z="421.9708862305"/>
				<vector3 name="mAngle" x="-0.0000000000" y="0.0000000000" z="0.0000000000"/>
				<vector3 name="mScale" x="1.0000000000" y="1.0000000000" z="1.0000000000"/>
				<u32 name="PatternNo" value="0"/>
				<u32 name="mLife" value="4861090"/>
				<u32 name="mJumpInit" value="0"/>
				<class name="mItemSet" type="1492295384">
					<vector3 name="Pos" x="-745.0078125000" y="310.5552062988" z="421.9708862305"/>
					<vector3 name="Ang" x="-0.0000000000" y="0.0000000000" z="0.0000000000"/>
					<bool name="AutoPosition" value="true"/>
					<bool name="HitAuto" value="true"/>
					<bool name="NoCheckOba" value="false"/>
					<bool name="NoCheckEff" value="false"/>
					<classref name="Shape" type="1035932488">
						<string name="Name" value=""/>
						<f32 name="CheckAngle" value="0.0000000000"/>
						<f32 name="CheckRange" value="0.0000000000"/>
						<f32 name="CheckToward" value="0.0000000000"/>
						<bool name="AngleFlag" value="false"/>
						<bool name="TowardFlag" value="false"/>
						<vector3 name="Cone.mCenterPos" x="0.0000000000" y="-180.0000000000" z="0.0000000000"/>
						<f32 name="Cone.mHeight" value="270.0000000000"/>
						<f32 name="Cone.mTopRadius" value="220.0000000000"/>
						<f32 name="Cone.mBottomRadius" value="20.0000000000"/>
					</classref>
					<vector3 name="SetOffset" x="0.0000000000" y="0.0000000000" z="0.0000000000"/>
					<s16 name="ItemFlagNo" value="-1"/>
					<u16 name="ItemId" value="769"/>
					<s32 name="ItemNum" value="-1"/>
					<u16 name="SetType" value="0"/>
					<s16 name="SetLotNo" value="40"/>
					<s16 name="SetNo" value="81"/>
					<u8 name="EffType" value="1"/>
					<vector3 name="EffOffset" x="0.0000000000" y="0.0000000000" z="0.0000000000"/>
					<u8 name="LevelPower" value="0"/>
					<u8 name="LevelFireSpeed" value="0"/>
					<u8 name="LevelReloadSpeed" value="0"/>
					<u8 name="LevelBulletMax" value="0"/>
					<u8 name="LevelBulrRate" value="0"/>
					<u8 name="LevelCritical" value="0"/>
					<u8 name="LevelThrough" value="0"/>
					<u8 name="LevelRange" value="0"/>
					<u8 name="LevelScope" value="0"/>
				</class>
			</classref>
		</classref>
		<classref type="1637199632">
			<s32 name="mID" value="0"/>
			<string name="mInfoClass" value="cSetInfoItem"/>
			<string name="mUnitClass" value="uIt0301"/>
			<classref name="mpInfo" type="381867577">
				<string name="mName" value=""/>
				<string name="mParentName" value=""/>
				<s32 name="mParentNo" value="0"/>
				<u32 name="mOrder" value="4"/>
				<vector3 name="mPosition" x="1047.8559570313" y="481.7521667480" z="2194.7309570313"/>
				<vector3 name="mAngle" x="0.0000000000" y="0.0000000000" z="0.0000000000"/>
				<vector3 name="mScale" x="1.0000000000" y="1.0000000000" z="1.0000000000"/>
				<u32 name="PatternNo" value="0"/>
				<u32 name="mLife" value="4861091"/>
				<u32 name="mJumpInit" value="0"/>
				<class name="mItemSet" type="1492295384">
					<vector3 name="Pos" x="1047.8559570313" y="481.7521667480" z="2194.7309570313"/>
					<vector3 name="Ang" x="0.0000000000" y="0.0000000000" z="0.0000000000"/>
					<bool name="AutoPosition" value="true"/>
					<bool name="HitAuto" value="true"/>
					<bool name="NoCheckOba" value="false"/>
					<bool name="NoCheckEff" value="false"/>
					<classref name="Shape" type="1035932488">
						<string name="Name" value=""/>
						<f32 name="CheckAngle" value="0.0000000000"/>
						<f32 name="CheckRange" value="0.0000000000"/>
						<f32 name="CheckToward" value="0.0000000000"/>
						<bool name="AngleFlag" value="false"/>
						<bool name="TowardFlag" value="false"/>
						<vector3 name="Cone.mCenterPos" x="0.0000000000" y="-180.0000000000" z="0.0000000000"/>
						<f32 name="Cone.mHeight" value="270.0000000000"/>
						<f32 name="Cone.mTopRadius" value="220.0000000000"/>
						<f32 name="Cone.mBottomRadius" value="20.0000000000"/>
					</classref>
					<vector3 name="SetOffset" x="0.0000000000" y="0.0000000000" z="0.0000000000"/>
					<s16 name="ItemFlagNo" value="-1"/>
					<u16 name="ItemId" value="769"/>
					<s32 name="ItemNum" value="-1"/>
					<u16 name="SetType" value="0"/>
					<s16 name="SetLotNo" value="-1"/>
					<s16 name="SetNo" value="-1"/>
					<u8 name="EffType" value="1"/>
					<vector3 name="EffOffset" x="0.0000000000" y="0.0000000000" z="0.0000000000"/>
					<u8 name="LevelPower" value="0"/>
					<u8 name="LevelFireSpeed" value="0"/>
					<u8 name="LevelReloadSpeed" value="0"/>
					<u8 name="LevelBulletMax" value="0"/>
					<u8 name="LevelBulrRate" value="0"/>
					<u8 name="LevelCritical" value="0"/>
					<u8 name="LevelThrough" value="0"/>
					<u8 name="LevelRange" value="0"/>
					<u8 name="LevelScope" value="0"/>
				</class>
			</classref>
		</classref>
		<classref type="1637199632">
			<s32 name="mID" value="0"/>
			<string name="mInfoClass" value="cSetInfoItem"/>
			<string name="mUnitClass" value="uIt0301"/>
			<classref name="mpInfo" type="381867577">
				<string name="mName" value=""/>
				<string name="mParentName" value=""/>
				<s32 name="mParentNo" value="7156019"/>
				<u32 name="mOrder" value="4"/>
				<vector3 name="mPosition" x="-131.1867370605" y="174.6631164551" z="2572.8588867188"/>
				<vector3 name="mAngle" x="0.0000000000" y="0.0000000000" z="0.0000000000"/>
				<vector3 name="mScale" x="1.0000000000" y="1.0000000000" z="1.0000000000"/>
				<u32 name="PatternNo" value="0"/>
				<u32 name="mLife" value="4861092"/>
				<u32 name="mJumpInit" value="0"/>
				<class name="mItemSet" type="1492295384">
					<vector3 name="Pos" x="-131.1867370605" y="174.6631164551" z="2572.8588867188"/>
					<vector3 name="Ang" x="0.0000000000" y="0.0000000000" z="0.0000000000"/>
					<bool name="AutoPosition" value="true"/>
					<bool name="HitAuto" value="true"/>
					<bool name="NoCheckOba" value="false"/>
					<bool name="NoCheckEff" value="false"/>
					<classref name="Shape" type="1035932488">
						<string name="Name" value=""/>
						<f32 name="CheckAngle" value="0.0000000000"/>
						<f32 name="CheckRange" value="0.0000000000"/>
						<f32 name="CheckToward" value="0.0000000000"/>
						<bool name="AngleFlag" value="false"/>
						<bool name="TowardFlag" value="false"/>
						<vector3 name="Cone.mCenterPos" x="0.0000000000" y="-180.0000000000" z="0.0000000000"/>
						<f32 name="Cone.mHeight" value="270.0000000000"/>
						<f32 name="Cone.mTopRadius" value="220.0000000000"/>
						<f32 name="Cone.mBottomRadius" value="20.0000000000"/>
					</classref>
					<vector3 name="SetOffset" x="0.0000000000" y="0.0000000000" z="0.0000000000"/>
					<s16 name="ItemFlagNo" value="-1"/>
					<u16 name="ItemId" value="769"/>
					<s32 name="ItemNum" value="-1"/>
					<u16 name="SetType" value="0"/>
					<s16 name="SetLotNo" value="-1"/>
					<s16 name="SetNo" value="-1"/>
					<u8 name="EffType" value="1"/>
					<vector3 name="EffOffset" x="0.0000000000" y="0.0000000000" z="0.0000000000"/>
					<u8 name="LevelPower" value="0"/>
					<u8 name="LevelFireSpeed" value="0"/>
					<u8 name="LevelReloadSpeed" value="0"/>
					<u8 name="LevelBulletMax" value="0"/>
					<u8 name="LevelBulrRate" value="0"/>
					<u8 name="LevelCritical" value="0"/>
					<u8 name="LevelThrough" value="0"/>
					<u8 name="LevelRange" value="0"/>
					<u8 name="LevelScope" value="0"/>
				</class>
			</classref>
		</classref>
		<classref type="1637199632">
			<s32 name="mID" value="0"/>
			<string name="mInfoClass" value="cSetInfoItem"/>
			<string name="mUnitClass" value="uIt0301"/>
			<classref name="mpInfo" type="381867577">
				<string name="mName" value=""/>
				<string name="mParentName" value=""/>
				<s32 name="mParentNo" value="1551331420"/>
				<u32 name="mOrder" value="4"/>
				<vector3 name="mPosition" x="-683.2017211914" y="112.8738784790" z="-798.0894165039"/>
				<vector3 name="mAngle" x="-0.0000000000" y="0.0000000000" z="0.0000000000"/>
				<vector3 name="mScale" x="1.0000000000" y="1.0000000000" z="1.0000000000"/>
				<u32 name="PatternNo" value="0"/>
				<u32 name="mLife" value="4861093"/>
				<u32 name="mJumpInit" value="0"/>
				<class name="mItemSet" type="1492295384">
					<vector3 name="Pos" x="-683.2017211914" y="112.8738784790" z="-798.0894165039"/>
					<vector3 name="Ang" x="-0.0000000000" y="0.0000000000" z="0.0000000000"/>
					<bool name="AutoPosition" value="false"/>
					<bool name="HitAuto" value="true"/>
					<bool name="NoCheckOba" value="false"/>
					<bool name="NoCheckEff" value="false"/>
					<classref name="Shape" type="1035932488">
						<string name="Name" value=""/>
						<f32 name="CheckAngle" value="0.0000000000"/>
						<f32 name="CheckRange" value="0.0000000000"/>
						<f32 name="CheckToward" value="0.0000000000"/>
						<bool name="AngleFlag" value="false"/>
						<bool name="TowardFlag" value="false"/>
						<vector3 name="Cone.mCenterPos" x="0.0000000000" y="-180.0000000000" z="0.0000000000"/>
						<f32 name="Cone.mHeight" value="270.0000000000"/>
						<f32 name="Cone.mTopRadius" value="220.0000000000"/>
						<f32 name="Cone.mBottomRadius" value="20.0000000000"/>
					</classref>
					<vector3 name="SetOffset" x="0.0000000000" y="0.0000000000" z="0.0000000000"/>
					<s16 name="ItemFlagNo" value="-1"/>
					<u16 name="ItemId" value="769"/>
					<s32 name="ItemNum" value="-1"/>
					<u16 name="SetType" value="0"/>
					<s16 name="SetLotNo" value="-1"/>
					<s16 name="SetNo" value="-1"/>
					<u8 name="EffType" value="1"/>
					<vector3 name="EffOffset" x="0.0000000000" y="0.0000000000" z="0.0000000000"/>
					<u8 name="LevelPower" value="0"/>
					<u8 name="LevelFireSpeed" value="0"/>
					<u8 name="LevelReloadSpeed" value="0"/>
					<u8 name="LevelBulletMax" value="0"/>
					<u8 name="LevelBulrRate" value="0"/>
					<u8 name="LevelCritical" value="0"/>
					<u8 name="LevelThrough" value="0"/>
					<u8 name="LevelRange" value="0"/>
					<u8 name="LevelScope" value="0"/>
				</class>
			</classref>
		</classref>
		<classref type="1637199632">
			<s32 name="mID" value="0"/>
			<string name="mInfoClass" value="cSetInfoItem"/>
			<string name="mUnitClass" value="uWp06"/>
			<classref name="mpInfo" type="381867577">
				<string name="mName" value=""/>
				<string name="mParentName" value=""/>
				<s32 name="mParentNo" value="27198156"/>
				<u32 name="mOrder" value="4"/>
				<vector3 name="mPosition" x="1151.3415527344" y="184.8329162598" z="-1009.8031005859"/>
				<vector3 name="mAngle" x="0.0000000000" y="0.0000000000" z="0.0000000000"/>
				<vector3 name="mScale" x="1.0000000000" y="1.0000000000" z="1.0000000000"/>
				<u32 name="PatternNo" value="0"/>
				<u32 name="mLife" value="4861094"/>
				<u32 name="mJumpInit" value="0"/>
				<class name="mItemSet" type="1492295384">
					<vector3 name="Pos" x="1151.3415527344" y="184.8329162598" z="-1009.8031005859"/>
					<vector3 name="Ang" x="0.0000000000" y="0.0000000000" z="0.0000000000"/>
					<bool name="AutoPosition" value="true"/>
					<bool name="HitAuto" value="true"/>
					<bool name="NoCheckOba" value="false"/>
					<bool name="NoCheckEff" value="false"/>
					<classref name="Shape" type="1035932488">
						<string name="Name" value=""/>
						<f32 name="CheckAngle" value="0.0000000000"/>
						<f32 name="CheckRange" value="0.0000000000"/>
						<f32 name="CheckToward" value="0.0000000000"/>
						<bool name="AngleFlag" value="false"/>
						<bool name="TowardFlag" value="false"/>
						<vector3 name="Cone.mCenterPos" x="0.0000000000" y="-180.0000000000" z="0.0000000000"/>
						<f32 name="Cone.mHeight" value="270.0000000000"/>
						<f32 name="Cone.mTopRadius" value="220.0000000000"/>
						<f32 name="Cone.mBottomRadius" value="20.0000000000"/>
					</classref>
					<vector3 name="SetOffset" x="0.0000000000" y="0.0000000000" z="0.0000000000"/>
					<s16 name="ItemFlagNo" value="-1"/>
					<u16 name="ItemId" value="262"/>
					<s32 name="ItemNum" value="-1"/>
					<u16 name="SetType" value="0"/>
					<s16 name="SetLotNo" value="-1"/>
					<s16 name="SetNo" value="-1"/>
					<u8 name="EffType" value="1"/>
					<vector3 name="EffOffset" x="0.0000000000" y="0.0000000000" z="0.0000000000"/>
					<u8 name="LevelPower" value="0"/>
					<u8 name="LevelFireSpeed" value="0"/>
					<u8 name="LevelReloadSpeed" value="0"/>
					<u8 name="LevelBulletMax" value="0"/>
					<u8 name="LevelBulrRate" value="0"/>
					<u8 name="LevelCritical" value="0"/>
					<u8 name="LevelThrough" value="0"/>
					<u8 name="LevelRange" value="0"/>
					<u8 name="LevelScope" value="0"/>
				</class>
			</classref>
		</classref>
		<classref type="1637199632">
			<s32 name="mID" value="0"/>
			<string name="mInfoClass" value="cSetInfoItem"/>
			<string name="mUnitClass" value="uWp07"/>
			<classref name="mpInfo" type="381867577">
				<string name="mName" value=""/>
				<string name="mParentName" value=""/>
				<s32 name="mParentNo" value="27197964"/>
				<u32 name="mOrder" value="4"/>
				<vector3 name="mPosition" x="1151.8562011719" y="184.7683563232" z="-985.0609130859"/>
				<vector3 name="mAngle" x="0.0000000000" y="0.0000000000" z="0.0000000000"/>
				<vector3 name="mScale" x="1.0000000000" y="1.0000000000" z="1.0000000000"/>
				<u32 name="PatternNo" value="0"/>
				<u32 name="mLife" value="4861095"/>
				<u32 name="mJumpInit" value="0"/>
				<class name="mItemSet" type="1492295384">
					<vector3 name="Pos" x="1151.8562011719" y="184.7683563232" z="-985.0609130859"/>
					<vector3 name="Ang" x="0.0000000000" y="0.0000000000" z="0.0000000000"/>
					<bool name="AutoPosition" value="true"/>
					<bool name="HitAuto" value="true"/>
					<bool name="NoCheckOba" value="false"/>
					<bool name="NoCheckEff" value="false"/>
					<classref name="Shape" type="1035932488">
						<string name="Name" value=""/>
						<f32 name="CheckAngle" value="0.0000000000"/>
						<f32 name="CheckRange" value="0.0000000000"/>
						<f32 name="CheckToward" value="0.0000000000"/>
						<bool name="AngleFlag" value="false"/>
						<bool name="TowardFlag" value="false"/>
						<vector3 name="Cone.mCenterPos" x="0.0000000000" y="-180.0000000000" z="0.0000000000"/>
						<f32 name="Cone.mHeight" value="270.0000000000"/>
						<f32 name="Cone.mTopRadius" value="220.0000000000"/>
						<f32 name="Cone.mBottomRadius" value="20.0000000000"/>
					</classref>
					<vector3 name="SetOffset" x="0.0000000000" y="0.0000000000" z="0.0000000000"/>
					<s16 name="ItemFlagNo" value="-1"/>
					<u16 name="ItemId" value="263"/>
					<s32 name="ItemNum" value="-1"/>
					<u16 name="SetType" value="0"/>
					<s16 name="SetLotNo" value="-1"/>
					<s16 name="SetNo" value="-1"/>
					<u8 name="EffType" value="1"/>
					<vector3 name="EffOffset" x="0.0000000000" y="0.0000000000" z="0.0000000000"/>
					<u8 name="LevelPower" value="0"/>
					<u8 name="LevelFireSpeed" value="0"/>
					<u8 name="LevelReloadSpeed" value="0"/>
					<u8 name="LevelBulletMax" value="0"/>
					<u8 name="LevelBulrRate" value="0"/>
					<u8 name="LevelCritical" value="0"/>
					<u8 name="LevelThrough" value="0"/>
					<u8 name="LevelRange" value="0"/>
					<u8 name="LevelScope" value="0"/>
				</class>
			</classref>
		</classref>
		<classref type="1637199632">
			<s32 name="mID" value="0"/>
			<string name="mInfoClass" value="cSetInfoItem"/>
			<string name="mUnitClass" value="uWp06"/>
			<classref name="mpInfo" type="381867577">
				<string name="mName" value=""/>
				<string name="mParentName" value=""/>
				<s32 name="mParentNo" value="27198028"/>
				<u32 name="mOrder" value="4"/>
				<vector3 name="mPosition" x="28.7718734741" y="691.1852416992" z="2400.7316894531"/>
				<vector3 name="mAngle" x="-1.5533430576" y="0.0000000000" z="0.0000000000"/>
				<vector3 name="mScale" x="1.0000000000" y="1.0000000000" z="1.0000000000"/>
				<u32 name="PatternNo" value="0"/>
				<u32 name="mLife" value="4861096"/>
				<u32 name="mJumpInit" value="0"/>
				<class name="mItemSet" type="1492295384">
					<vector3 name="Pos" x="28.7718734741" y="691.1852416992" z="2400.7316894531"/>
					<vector3 name="Ang" x="-1.5533430576" y="0.0000000000" z="0.0000000000"/>
					<bool name="AutoPosition" value="true"/>
					<bool name="HitAuto" value="true"/>
					<bool name="NoCheckOba" value="false"/>
					<bool name="NoCheckEff" value="false"/>
					<classref name="Shape" type="1035932488">
						<string name="Name" value=""/>
						<f32 name="CheckAngle" value="0.0000000000"/>
						<f32 name="CheckRange" value="0.0000000000"/>
						<f32 name="CheckToward" value="0.0000000000"/>
						<bool name="AngleFlag" value="false"/>
						<bool name="TowardFlag" value="false"/>
						<vector3 name="Cone.mCenterPos" x="0.0000000000" y="-180.0000000000" z="0.0000000000"/>
						<f32 name="Cone.mHeight" value="270.0000000000"/>
						<f32 name="Cone.mTopRadius" value="220.0000000000"/>
						<f32 name="Cone.mBottomRadius" value="20.0000000000"/>
					</classref>
					<vector3 name="SetOffset" x="0.0000000000" y="0.0000000000" z="0.0000000000"/>
					<s16 name="ItemFlagNo" value="-1"/>
					<u16 name="ItemId" value="262"/>
					<s32 name="ItemNum" value="-1"/>
					<u16 name="SetType" value="0"/>
					<s16 name="SetLotNo" value="-1"/>
					<s16 name="SetNo" value="-1"/>
					<u8 name="EffType" value="1"/>
					<vector3 name="EffOffset" x="0.0000000000" y="0.0000000000" z="0.0000000000"/>
					<u8 name="LevelPower" value="0"/>
					<u8 name="LevelFireSpeed" value="0"/>
					<u8 name="LevelReloadSpeed" value="0"/>
					<u8 name="LevelBulletMax" value="0"/>
					<u8 name="LevelBulrRate" value="0"/>
					<u8 name="LevelCritical" value="0"/>
					<u8 name="LevelThrough" value="0"/>
					<u8 name="LevelRange" value="0"/>
					<u8 name="LevelScope" value="0"/>
				</class>
			</classref>
		</classref>
		<classref type="1637199632">
			<s32 name="mID" value="0"/>
			<string name="mInfoClass" value="cSetInfoItem"/>
			<string name="mUnitClass" value="uWp06"/>
			<classref name="mpInfo" type="381867577">
				<string name="mName" value=""/>
				<string name="mParentName" value=""/>
				<s32 name="mParentNo" value="0"/>
				<u32 name="mOrder" value="4"/>
				<vector3 name="mPosition" x="11.2381601334" y="692.7102050781" z="2356.2775878906"/>
				<vector3 name="mAngle" x="-1.5358899832" y="2.4958209991" z="0.0000000000"/>
				<vector3 name="mScale" x="1.0000000000" y="1.0000000000" z="1.0000000000"/>
				<u32 name="PatternNo" value="0"/>
				<u32 name="mLife" value="4861097"/>
				<u32 name="mJumpInit" value="0"/>
				<class name="mItemSet" type="1492295384">
					<vector3 name="Pos" x="11.2381601334" y="692.7102050781" z="2356.2775878906"/>
					<vector3 name="Ang" x="-1.5358899832" y="2.4958209991" z="0.0000000000"/>
					<bool name="AutoPosition" value="true"/>
					<bool name="HitAuto" value="true"/>
					<bool name="NoCheckOba" value="false"/>
					<bool name="NoCheckEff" value="false"/>
					<classref name="Shape" type="1035932488">
						<string name="Name" value=""/>
						<f32 name="CheckAngle" value="0.0000000000"/>
						<f32 name="CheckRange" value="0.0000000000"/>
						<f32 name="CheckToward" value="0.0000000000"/>
						<bool name="AngleFlag" value="false"/>
						<bool name="TowardFlag" value="false"/>
						<vector3 name="Cone.mCenterPos" x="0.0000000000" y="-180.0000000000" z="0.0000000000"/>
						<f32 name="Cone.mHeight" value="270.0000000000"/>
						<f32 name="Cone.mTopRadius" value="220.0000000000"/>
						<f32 name="Cone.mBottomRadius" value="20.0000000000"/>
					</classref>
					<vector3 name="SetOffset" x="0.0000000000" y="0.0000000000" z="0.0000000000"/>
					<s16 name="ItemFlagNo" value="-1"/>
					<u16 name="ItemId" value="262"/>
					<s32 name="ItemNum" value="-1"/>
					<u16 name="SetType" value="0"/>
					<s16 name="SetLotNo" value="-1"/>
					<s16 name="SetNo" value="-1"/>
					<u8 name="EffType" value="1"/>
					<vector3 name="EffOffset" x="0.0000000000" y="0.0000000000" z="0.0000000000"/>
					<u8 name="LevelPower" value="0"/>
					<u8 name="LevelFireSpeed" value="0"/>
					<u8 name="LevelReloadSpeed" value="0"/>
					<u8 name="LevelBulletMax" value="0"/>
					<u8 name="LevelBulrRate" value="0"/>
					<u8 name="LevelCritical" value="0"/>
					<u8 name="LevelThrough" value="0"/>
					<u8 name="LevelRange" value="0"/>
					<u8 name="LevelScope" value="0"/>
				</class>
			</classref>
		</classref>
		<classref type="1637199632">
			<s32 name="mID" value="0"/>
			<string name="mInfoClass" value="cSetInfoItem"/>
			<string name="mUnitClass" value="uWp06"/>
			<classref name="mpInfo" type="381867577">
				<string name="mName" value=""/>
				<string name="mParentName" value=""/>
				<s32 name="mParentNo" value="16777216"/>
				<u32 name="mOrder" value="4"/>
				<vector3 name="mPosition" x="-15.5602083206" y="692.1852416992" z="2376.3835449219"/>
				<vector3 name="mAngle" x="-1.5707960129" y="-1.3264499903" z="0.0000000000"/>
				<vector3 name="mScale" x="1.0000000000" y="1.0000000000" z="1.0000000000"/>
				<u32 name="PatternNo" value="0"/>
				<u32 name="mLife" value="4861098"/>
				<u32 name="mJumpInit" value="0"/>
				<class name="mItemSet" type="1492295384">
					<vector3 name="Pos" x="-15.5602083206" y="692.1852416992" z="2376.3835449219"/>
					<vector3 name="Ang" x="-1.5707960129" y="-1.3264499903" z="0.0000000000"/>
					<bool name="AutoPosition" value="true"/>
					<bool name="HitAuto" value="true"/>
					<bool name="NoCheckOba" value="false"/>
					<bool name="NoCheckEff" value="false"/>
					<classref name="Shape" type="1035932488">
						<string name="Name" value=""/>
						<f32 name="CheckAngle" value="0.0000000000"/>
						<f32 name="CheckRange" value="0.0000000000"/>
						<f32 name="CheckToward" value="0.0000000000"/>
						<bool name="AngleFlag" value="false"/>
						<bool name="TowardFlag" value="false"/>
						<vector3 name="Cone.mCenterPos" x="0.0000000000" y="-180.0000000000" z="0.0000000000"/>
						<f32 name="Cone.mHeight" value="270.0000000000"/>
						<f32 name="Cone.mTopRadius" value="220.0000000000"/>
						<f32 name="Cone.mBottomRadius" value="20.0000000000"/>
					</classref>
					<vector3 name="SetOffset" x="0.0000000000" y="0.0000000000" z="0.0000000000"/>
					<s16 name="ItemFlagNo" value="-1"/>
					<u16 name="ItemId" value="262"/>
					<s32 name="ItemNum" value="-1"/>
					<u16 name="SetType" value="0"/>
					<s16 name="SetLotNo" value="-1"/>
					<s16 name="SetNo" value="-1"/>
					<u8 name="EffType" value="1"/>
					<vector3 name="EffOffset" x="0.0000000000" y="0.0000000000" z="0.0000000000"/>
					<u8 name="LevelPower" value="0"/>
					<u8 name="LevelFireSpeed" value="0"/>
					<u8 name="LevelReloadSpeed" value="0"/>
					<u8 name="LevelBulletMax" value="0"/>
					<u8 name="LevelBulrRate" value="0"/>
					<u8 name="LevelCritical" value="0"/>
					<u8 name="LevelThrough" value="0"/>
					<u8 name="LevelRange" value="0"/>
					<u8 name="LevelScope" value="0"/>
				</class>
			</classref>
		</classref>
		<classref type="1637199632">
			<s32 name="mID" value="0"/>
			<string name="mInfoClass" value="cSetInfoItem"/>
			<string name="mUnitClass" value="uIt0701"/>
			<classref name="mpInfo" type="381867577">
				<string name="mName" value=""/>
				<string name="mParentName" value=""/>
				<s32 name="mParentNo" value="0"/>
				<u32 name="mOrder" value="4"/>
				<vector3 name="mPosition" x="-139.2705078125" y="174.6352081299" z="2594.0478515625"/>
				<vector3 name="mAngle" x="0.0000000000" y="-1.8849560022" z="0.0000000000"/>
				<vector3 name="mScale" x="1.0000000000" y="1.0000000000" z="1.0000000000"/>
				<u32 name="PatternNo" value="0"/>
				<u32 name="mLife" value="4861099"/>
				<u32 name="mJumpInit" value="0"/>
				<class name="mItemSet" type="1492295384">
					<vector3 name="Pos" x="-139.2705078125" y="174.6352081299" z="2594.0478515625"/>
					<vector3 name="Ang" x="0.0000000000" y="-1.8849560022" z="0.0000000000"/>
					<bool name="AutoPosition" value="true"/>
					<bool name="HitAuto" value="true"/>
					<bool name="NoCheckOba" value="false"/>
					<bool name="NoCheckEff" value="false"/>
					<classref name="Shape" type="1035932488">
						<string name="Name" value=""/>
						<f32 name="CheckAngle" value="0.0000000000"/>
						<f32 name="CheckRange" value="0.0000000000"/>
						<f32 name="CheckToward" value="0.0000000000"/>
						<bool name="AngleFlag" value="false"/>
						<bool name="TowardFlag" value="false"/>
						<vector3 name="Cone.mCenterPos" x="0.0000000000" y="-180.0000000000" z="0.0000000000"/>
						<f32 name="Cone.mHeight" value="270.0000000000"/>
						<f32 name="Cone.mTopRadius" value="220.0000000000"/>
						<f32 name="Cone.mBottomRadius" value="20.0000000000"/>
					</classref>
					<vector3 name="SetOffset" x="0.0000000000" y="0.0000000000" z="0.0000000000"/>
					<s16 name="ItemFlagNo" value="-1"/>
					<u16 name="ItemId" value="1793"/>
					<s32 name="ItemNum" value="-1"/>
					<u16 name="SetType" value="4"/>
					<s16 name="SetLotNo" value="-1"/>
					<s16 name="SetNo" value="-1"/>
					<u8 name="EffType" value="0"/>
					<vector3 name="EffOffset" x="0.0000000000" y="0.0000000000" z="0.0000000000"/>
					<u8 name="LevelPower" value="0"/>
					<u8 name="LevelFireSpeed" value="0"/>
					<u8 name="LevelReloadSpeed" value="0"/>
					<u8 name="LevelBulletMax" value="0"/>
					<u8 name="LevelBulrRate" value="0"/>
					<u8 name="LevelCritical" value="0"/>
					<u8 name="LevelThrough" value="0"/>
					<u8 name="LevelRange" value="0"/>
					<u8 name="LevelScope" value="0"/>
				</class>
			</classref>
		</classref>
	</array>
</class>
