<?xml version="1.0" encoding="utf-8"?>
<class name="XFS" type="355479284">
	<u32 name="mQuality" value="2"/>
	<classref name="mSetInfos" type="1637199632">
		<s32 name="mID" value="0"/>
		<string name="mInfoClass" value="cSetInfoItem"/>
		<string name="mUnitClass" value="uIt0304"/>
		<classref name="mpInfo" type="381867577">
			<string name="mName" value=""/>
			<string name="mParentName" value=""/>
			<s32 name="mParentNo" value="808803443"/>
			<u32 name="mOrder" value="4"/>
			<vector3 name="mPosition" x="-69675.1328125000" y="254.6205749512" z="322.8602600098"/>
			<vector3 name="mAngle" x="1.5705970526" y="-2.5481810570" z="-3.1415200233"/>
			<vector3 name="mScale" x="1.0000000000" y="1.0000000000" z="1.0000000000"/>
			<u32 name="PatternNo" value="0"/>
			<u32 name="mLife" value="4861240"/>
			<u32 name="mJumpInit" value="0"/>
			<class name="mItemSet" type="1492295384">
				<vector3 name="Pos" x="-69675.1328125000" y="254.6205749512" z="322.8602600098"/>
				<vector3 name="Ang" x="1.5705970526" y="-2.5481810570" z="-3.1415200233"/>
				<bool name="AutoPosition" value="true"/>
				<bool name="HitAuto" value="true"/>
				<bool name="NoCheckOba" value="false"/>
				<bool name="NoCheckEff" value="false"/>
				<classref name="Shape" type="1035932488">
					<string name="Name" value=""/>
					<f32 name="CheckAngle" value="0.0000000000"/>
					<f32 name="CheckRange" value="0.0000000000"/>
					<f32 name="CheckToward" value="0.0000000000"/>
					<bool name="AngleFlag" value="false"/>
					<bool name="TowardFlag" value="false"/>
					<vector3 name="Cone.mCenterPos" x="0.0000000000" y="-180.0000000000" z="0.0000000000"/>
					<f32 name="Cone.mHeight" value="270.0000000000"/>
					<f32 name="Cone.mTopRadius" value="220.0000000000"/>
					<f32 name="Cone.mBottomRadius" value="20.0000000000"/>
				</classref>
				<vector3 name="SetOffset" x="0.0000000000" y="0.0000000000" z="0.0000000000"/>
				<s16 name="ItemFlagNo" value="-1"/>
				<u16 name="ItemId" value="772"/>
				<s32 name="ItemNum" value="-1"/>
				<u16 name="SetType" value="0"/>
				<s16 name="SetLotNo" value="-1"/>
				<s16 name="SetNo" value="-1"/>
				<u8 name="EffType" value="1"/>
				<vector3 name="EffOffset" x="0.0000000000" y="0.0000000000" z="0.0000000000"/>
				<u8 name="LevelPower" value="0"/>
				<u8 name="LevelFireSpeed" value="0"/>
				<u8 name="LevelReloadSpeed" value="0"/>
				<u8 name="LevelBulletMax" value="0"/>
				<u8 name="LevelBulrRate" value="0"/>
				<u8 name="LevelCritical" value="0"/>
				<u8 name="LevelThrough" value="0"/>
				<u8 name="LevelRange" value="0"/>
				<u8 name="LevelScope" value="0"/>
			</class>
		</classref>
	</classref>
</class>
