<?xml version="1.0" encoding="utf-8"?>
<class name="XFS" type="355479284">
	<u32 name="mQuality" value="2"/>
	<array name="mSetInfos" type="classref" count="22">
		<classref type="1637199632">
			<s32 name="mID" value="0"/>
			<string name="mInfoClass" value="cSetInfoItem"/>
			<string name="mUnitClass" value="uIt0506"/>
			<classref name="mpInfo" type="381867577">
				<string name="mName" value=""/>
				<string name="mParentName" value=""/>
				<s32 name="mParentNo" value="0"/>
				<u32 name="mOrder" value="4"/>
				<vector3 name="mPosition" x="-93.8371734619" y="332.1781616211" z="-4567.5170898438"/>
				<vector3 name="mAngle" x="0.0698129982" y="1.5184370279" z="-1.5707960129"/>
				<vector3 name="mScale" x="1.0000000000" y="1.0000000000" z="1.0000000000"/>
				<u32 name="PatternNo" value="0"/>
				<u32 name="mLife" value="4861049"/>
				<u32 name="mJumpInit" value="0"/>
				<class name="mItemSet" type="1492295384">
					<vector3 name="Pos" x="-93.8371734619" y="332.1781616211" z="-4567.5170898438"/>
					<vector3 name="Ang" x="0.0698129982" y="1.5184370279" z="-1.5707960129"/>
					<bool name="AutoPosition" value="true"/>
					<bool name="HitAuto" value="true"/>
					<bool name="NoCheckOba" value="false"/>
					<bool name="NoCheckEff" value="false"/>
					<classref name="Shape" type="1035932488">
						<string name="Name" value=""/>
						<f32 name="CheckAngle" value="0.0000000000"/>
						<f32 name="CheckRange" value="0.0000000000"/>
						<f32 name="CheckToward" value="0.0000000000"/>
						<bool name="AngleFlag" value="false"/>
						<bool name="TowardFlag" value="false"/>
						<vector3 name="Cone.mCenterPos" x="0.0000000000" y="-180.0000000000" z="0.0000000000"/>
						<f32 name="Cone.mHeight" value="270.0000000000"/>
						<f32 name="Cone.mTopRadius" value="220.0000000000"/>
						<f32 name="Cone.mBottomRadius" value="20.0000000000"/>
					</classref>
					<vector3 name="SetOffset" x="0.0000000000" y="0.0000000000" z="0.0000000000"/>
					<s16 name="ItemFlagNo" value="-1"/>
					<u16 name="ItemId" value="1286"/>
					<s32 name="ItemNum" value="-1"/>
					<u16 name="SetType" value="5"/>
					<s16 name="SetLotNo" value="-1"/>
					<s16 name="SetNo" value="-1"/>
					<u8 name="EffType" value="9"/>
					<vector3 name="EffOffset" x="0.0000000000" y="0.0000000000" z="0.0000000000"/>
					<u8 name="LevelPower" value="0"/>
					<u8 name="LevelFireSpeed" value="0"/>
					<u8 name="LevelReloadSpeed" value="0"/>
					<u8 name="LevelBulletMax" value="0"/>
					<u8 name="LevelBulrRate" value="0"/>
					<u8 name="LevelCritical" value="0"/>
					<u8 name="LevelThrough" value="0"/>
					<u8 name="LevelRange" value="0"/>
					<u8 name="LevelScope" value="0"/>
				</class>
			</classref>
		</classref>
		<classref type="1637199632">
			<s32 name="mID" value="0"/>
			<string name="mInfoClass" value="cSetInfoItem"/>
			<string name="mUnitClass" value="uIt0301"/>
			<classref name="mpInfo" type="381867577">
				<string name="mName" value=""/>
				<string name="mParentName" value=""/>
				<s32 name="mParentNo" value="1551331420"/>
				<u32 name="mOrder" value="4"/>
				<vector3 name="mPosition" x="-727.4403076172" y="-4.8315668106" z="-2151.4794921875"/>
				<vector3 name="mAngle" x="0.0000000000" y="0.0000000000" z="0.0000000000"/>
				<vector3 name="mScale" x="1.0000000000" y="1.0000000000" z="1.0000000000"/>
				<u32 name="PatternNo" value="0"/>
				<u32 name="mLife" value="4861050"/>
				<u32 name="mJumpInit" value="0"/>
				<class name="mItemSet" type="1492295384">
					<vector3 name="Pos" x="-727.4403076172" y="-4.8315668106" z="-2151.4794921875"/>
					<vector3 name="Ang" x="0.0000000000" y="0.0000000000" z="0.0000000000"/>
					<bool name="AutoPosition" value="true"/>
					<bool name="HitAuto" value="true"/>
					<bool name="NoCheckOba" value="false"/>
					<bool name="NoCheckEff" value="false"/>
					<classref name="Shape" type="1035932488">
						<string name="Name" value=""/>
						<f32 name="CheckAngle" value="0.0000000000"/>
						<f32 name="CheckRange" value="0.0000000000"/>
						<f32 name="CheckToward" value="0.0000000000"/>
						<bool name="AngleFlag" value="false"/>
						<bool name="TowardFlag" value="false"/>
						<vector3 name="Cone.mCenterPos" x="0.0000000000" y="-180.0000000000" z="0.0000000000"/>
						<f32 name="Cone.mHeight" value="270.0000000000"/>
						<f32 name="Cone.mTopRadius" value="220.0000000000"/>
						<f32 name="Cone.mBottomRadius" value="20.0000000000"/>
					</classref>
					<vector3 name="SetOffset" x="0.0000000000" y="0.0000000000" z="0.0000000000"/>
					<s16 name="ItemFlagNo" value="-1"/>
					<u16 name="ItemId" value="769"/>
					<s32 name="ItemNum" value="-1"/>
					<u16 name="SetType" value="0"/>
					<s16 name="SetLotNo" value="-1"/>
					<s16 name="SetNo" value="-1"/>
					<u8 name="EffType" value="1"/>
					<vector3 name="EffOffset" x="0.0000000000" y="0.0000000000" z="0.0000000000"/>
					<u8 name="LevelPower" value="0"/>
					<u8 name="LevelFireSpeed" value="0"/>
					<u8 name="LevelReloadSpeed" value="0"/>
					<u8 name="LevelBulletMax" value="0"/>
					<u8 name="LevelBulrRate" value="0"/>
					<u8 name="LevelCritical" value="0"/>
					<u8 name="LevelThrough" value="0"/>
					<u8 name="LevelRange" value="0"/>
					<u8 name="LevelScope" value="0"/>
				</class>
			</classref>
		</classref>
		<classref type="1637199632">
			<s32 name="mID" value="0"/>
			<string name="mInfoClass" value="cSetInfoItem"/>
			<string name="mUnitClass" value="uIt0301"/>
			<classref name="mpInfo" type="381867577">
				<string name="mName" value=""/>
				<string name="mParentName" value=""/>
				<s32 name="mParentNo" value="4"/>
				<u32 name="mOrder" value="4"/>
				<vector3 name="mPosition" x="45.3648643494" y="57.4255943298" z="-1948.7546386719"/>
				<vector3 name="mAngle" x="0.0000000000" y="0.0000000000" z="0.0000000000"/>
				<vector3 name="mScale" x="1.0000000000" y="1.0000000000" z="1.0000000000"/>
				<u32 name="PatternNo" value="0"/>
				<u32 name="mLife" value="4861051"/>
				<u32 name="mJumpInit" value="0"/>
				<class name="mItemSet" type="1492295384">
					<vector3 name="Pos" x="45.3648643494" y="57.4255943298" z="-1948.7546386719"/>
					<vector3 name="Ang" x="0.0000000000" y="0.0000000000" z="0.0000000000"/>
					<bool name="AutoPosition" value="true"/>
					<bool name="HitAuto" value="true"/>
					<bool name="NoCheckOba" value="false"/>
					<bool name="NoCheckEff" value="false"/>
					<classref name="Shape" type="1035932488">
						<string name="Name" value=""/>
						<f32 name="CheckAngle" value="0.0000000000"/>
						<f32 name="CheckRange" value="0.0000000000"/>
						<f32 name="CheckToward" value="0.0000000000"/>
						<bool name="AngleFlag" value="false"/>
						<bool name="TowardFlag" value="false"/>
						<vector3 name="Cone.mCenterPos" x="0.0000000000" y="-180.0000000000" z="0.0000000000"/>
						<f32 name="Cone.mHeight" value="270.0000000000"/>
						<f32 name="Cone.mTopRadius" value="220.0000000000"/>
						<f32 name="Cone.mBottomRadius" value="20.0000000000"/>
					</classref>
					<vector3 name="SetOffset" x="0.0000000000" y="0.0000000000" z="0.0000000000"/>
					<s16 name="ItemFlagNo" value="-1"/>
					<u16 name="ItemId" value="769"/>
					<s32 name="ItemNum" value="-1"/>
					<u16 name="SetType" value="0"/>
					<s16 name="SetLotNo" value="-1"/>
					<s16 name="SetNo" value="-1"/>
					<u8 name="EffType" value="1"/>
					<vector3 name="EffOffset" x="0.0000000000" y="0.0000000000" z="0.0000000000"/>
					<u8 name="LevelPower" value="0"/>
					<u8 name="LevelFireSpeed" value="0"/>
					<u8 name="LevelReloadSpeed" value="0"/>
					<u8 name="LevelBulletMax" value="0"/>
					<u8 name="LevelBulrRate" value="0"/>
					<u8 name="LevelCritical" value="0"/>
					<u8 name="LevelThrough" value="0"/>
					<u8 name="LevelRange" value="0"/>
					<u8 name="LevelScope" value="0"/>
				</class>
			</classref>
		</classref>
		<classref type="1637199632">
			<s32 name="mID" value="0"/>
			<string name="mInfoClass" value="cSetInfoItem"/>
			<string name="mUnitClass" value="uIt0301"/>
			<classref name="mpInfo" type="381867577">
				<string name="mName" value=""/>
				<string name="mParentName" value=""/>
				<s32 name="mParentNo" value="-2111632128"/>
				<u32 name="mOrder" value="4"/>
				<vector3 name="mPosition" x="-2215.9362792969" y="-193.3401336670" z="-3934.5585937500"/>
				<vector3 name="mAngle" x="0.0000000000" y="0.0000000000" z="0.0000000000"/>
				<vector3 name="mScale" x="1.0000000000" y="1.0000000000" z="1.0000000000"/>
				<u32 name="PatternNo" value="0"/>
				<u32 name="mLife" value="4861052"/>
				<u32 name="mJumpInit" value="0"/>
				<class name="mItemSet" type="1492295384">
					<vector3 name="Pos" x="-2215.9362792969" y="-193.3401336670" z="-3934.5585937500"/>
					<vector3 name="Ang" x="0.0000000000" y="0.0000000000" z="0.0000000000"/>
					<bool name="AutoPosition" value="true"/>
					<bool name="HitAuto" value="true"/>
					<bool name="NoCheckOba" value="false"/>
					<bool name="NoCheckEff" value="false"/>
					<classref name="Shape" type="1035932488">
						<string name="Name" value=""/>
						<f32 name="CheckAngle" value="0.0000000000"/>
						<f32 name="CheckRange" value="0.0000000000"/>
						<f32 name="CheckToward" value="0.0000000000"/>
						<bool name="AngleFlag" value="false"/>
						<bool name="TowardFlag" value="false"/>
						<vector3 name="Cone.mCenterPos" x="0.0000000000" y="-180.0000000000" z="0.0000000000"/>
						<f32 name="Cone.mHeight" value="270.0000000000"/>
						<f32 name="Cone.mTopRadius" value="220.0000000000"/>
						<f32 name="Cone.mBottomRadius" value="20.0000000000"/>
					</classref>
					<vector3 name="SetOffset" x="0.0000000000" y="0.0000000000" z="0.0000000000"/>
					<s16 name="ItemFlagNo" value="-1"/>
					<u16 name="ItemId" value="769"/>
					<s32 name="ItemNum" value="-1"/>
					<u16 name="SetType" value="0"/>
					<s16 name="SetLotNo" value="-1"/>
					<s16 name="SetNo" value="-1"/>
					<u8 name="EffType" value="1"/>
					<vector3 name="EffOffset" x="0.0000000000" y="0.0000000000" z="0.0000000000"/>
					<u8 name="LevelPower" value="0"/>
					<u8 name="LevelFireSpeed" value="0"/>
					<u8 name="LevelReloadSpeed" value="0"/>
					<u8 name="LevelBulletMax" value="0"/>
					<u8 name="LevelBulrRate" value="0"/>
					<u8 name="LevelCritical" value="0"/>
					<u8 name="LevelThrough" value="0"/>
					<u8 name="LevelRange" value="0"/>
					<u8 name="LevelScope" value="0"/>
				</class>
			</classref>
		</classref>
		<classref type="1637199632">
			<s32 name="mID" value="0"/>
			<string name="mInfoClass" value="cSetInfoItem"/>
			<string name="mUnitClass" value="uIt0301"/>
			<classref name="mpInfo" type="381867577">
				<string name="mName" value=""/>
				<string name="mParentName" value=""/>
				<s32 name="mParentNo" value="0"/>
				<u32 name="mOrder" value="4"/>
				<vector3 name="mPosition" x="442.3735961914" y="109.6983871460" z="-7114.4179687500"/>
				<vector3 name="mAngle" x="0.0000000000" y="0.0000000000" z="0.0000000000"/>
				<vector3 name="mScale" x="1.0000000000" y="1.0000000000" z="1.0000000000"/>
				<u32 name="PatternNo" value="0"/>
				<u32 name="mLife" value="4861053"/>
				<u32 name="mJumpInit" value="0"/>
				<class name="mItemSet" type="1492295384">
					<vector3 name="Pos" x="442.3735961914" y="109.6983871460" z="-7114.4179687500"/>
					<vector3 name="Ang" x="0.0000000000" y="0.0000000000" z="0.0000000000"/>
					<bool name="AutoPosition" value="true"/>
					<bool name="HitAuto" value="true"/>
					<bool name="NoCheckOba" value="false"/>
					<bool name="NoCheckEff" value="false"/>
					<classref name="Shape" type="1035932488">
						<string name="Name" value=""/>
						<f32 name="CheckAngle" value="0.0000000000"/>
						<f32 name="CheckRange" value="0.0000000000"/>
						<f32 name="CheckToward" value="0.0000000000"/>
						<bool name="AngleFlag" value="false"/>
						<bool name="TowardFlag" value="false"/>
						<vector3 name="Cone.mCenterPos" x="0.0000000000" y="-180.0000000000" z="0.0000000000"/>
						<f32 name="Cone.mHeight" value="270.0000000000"/>
						<f32 name="Cone.mTopRadius" value="220.0000000000"/>
						<f32 name="Cone.mBottomRadius" value="20.0000000000"/>
					</classref>
					<vector3 name="SetOffset" x="0.0000000000" y="0.0000000000" z="0.0000000000"/>
					<s16 name="ItemFlagNo" value="-1"/>
					<u16 name="ItemId" value="769"/>
					<s32 name="ItemNum" value="-1"/>
					<u16 name="SetType" value="0"/>
					<s16 name="SetLotNo" value="-1"/>
					<s16 name="SetNo" value="-1"/>
					<u8 name="EffType" value="1"/>
					<vector3 name="EffOffset" x="0.0000000000" y="0.0000000000" z="0.0000000000"/>
					<u8 name="LevelPower" value="0"/>
					<u8 name="LevelFireSpeed" value="0"/>
					<u8 name="LevelReloadSpeed" value="0"/>
					<u8 name="LevelBulletMax" value="0"/>
					<u8 name="LevelBulrRate" value="0"/>
					<u8 name="LevelCritical" value="0"/>
					<u8 name="LevelThrough" value="0"/>
					<u8 name="LevelRange" value="0"/>
					<u8 name="LevelScope" value="0"/>
				</class>
			</classref>
		</classref>
		<classref type="1637199632">
			<s32 name="mID" value="0"/>
			<string name="mInfoClass" value="cSetInfoItem"/>
			<string name="mUnitClass" value="uIt0301"/>
			<classref name="mpInfo" type="381867577">
				<string name="mName" value=""/>
				<string name="mParentName" value=""/>
				<s32 name="mParentNo" value="3764680"/>
				<u32 name="mOrder" value="4"/>
				<vector3 name="mPosition" x="-428.4560546875" y="322.1250610352" z="-6296.4531250000"/>
				<vector3 name="mAngle" x="0.0000000000" y="0.0000000000" z="0.0000000000"/>
				<vector3 name="mScale" x="1.0000000000" y="1.0000000000" z="1.0000000000"/>
				<u32 name="PatternNo" value="0"/>
				<u32 name="mLife" value="4861054"/>
				<u32 name="mJumpInit" value="0"/>
				<class name="mItemSet" type="1492295384">
					<vector3 name="Pos" x="-428.4560546875" y="322.1250610352" z="-6296.4531250000"/>
					<vector3 name="Ang" x="0.0000000000" y="0.0000000000" z="0.0000000000"/>
					<bool name="AutoPosition" value="true"/>
					<bool name="HitAuto" value="true"/>
					<bool name="NoCheckOba" value="false"/>
					<bool name="NoCheckEff" value="false"/>
					<classref name="Shape" type="1035932488">
						<string name="Name" value=""/>
						<f32 name="CheckAngle" value="0.0000000000"/>
						<f32 name="CheckRange" value="0.0000000000"/>
						<f32 name="CheckToward" value="0.0000000000"/>
						<bool name="AngleFlag" value="false"/>
						<bool name="TowardFlag" value="false"/>
						<vector3 name="Cone.mCenterPos" x="0.0000000000" y="-180.0000000000" z="0.0000000000"/>
						<f32 name="Cone.mHeight" value="270.0000000000"/>
						<f32 name="Cone.mTopRadius" value="220.0000000000"/>
						<f32 name="Cone.mBottomRadius" value="20.0000000000"/>
					</classref>
					<vector3 name="SetOffset" x="0.0000000000" y="0.0000000000" z="0.0000000000"/>
					<s16 name="ItemFlagNo" value="-1"/>
					<u16 name="ItemId" value="769"/>
					<s32 name="ItemNum" value="-1"/>
					<u16 name="SetType" value="0"/>
					<s16 name="SetLotNo" value="-1"/>
					<s16 name="SetNo" value="-1"/>
					<u8 name="EffType" value="1"/>
					<vector3 name="EffOffset" x="0.0000000000" y="0.0000000000" z="0.0000000000"/>
					<u8 name="LevelPower" value="0"/>
					<u8 name="LevelFireSpeed" value="0"/>
					<u8 name="LevelReloadSpeed" value="0"/>
					<u8 name="LevelBulletMax" value="0"/>
					<u8 name="LevelBulrRate" value="0"/>
					<u8 name="LevelCritical" value="0"/>
					<u8 name="LevelThrough" value="0"/>
					<u8 name="LevelRange" value="0"/>
					<u8 name="LevelScope" value="0"/>
				</class>
			</classref>
		</classref>
		<classref type="1637199632">
			<s32 name="mID" value="0"/>
			<string name="mInfoClass" value="cSetInfoItem"/>
			<string name="mUnitClass" value="uIt0402"/>
			<classref name="mpInfo" type="381867577">
				<string name="mName" value=""/>
				<string name="mParentName" value=""/>
				<s32 name="mParentNo" value="808517632"/>
				<u32 name="mOrder" value="4"/>
				<vector3 name="mPosition" x="-4046.5742187500" y="-393.3401489258" z="-1818.1464843750"/>
				<vector3 name="mAngle" x="0.0000000000" y="0.0000000000" z="0.0000000000"/>
				<vector3 name="mScale" x="1.0000000000" y="1.0000000000" z="1.0000000000"/>
				<u32 name="PatternNo" value="0"/>
				<u32 name="mLife" value="4861055"/>
				<u32 name="mJumpInit" value="0"/>
				<class name="mItemSet" type="1492295384">
					<vector3 name="Pos" x="-4046.5742187500" y="-393.3401489258" z="-1818.1464843750"/>
					<vector3 name="Ang" x="0.0000000000" y="0.0000000000" z="0.0000000000"/>
					<bool name="AutoPosition" value="true"/>
					<bool name="HitAuto" value="true"/>
					<bool name="NoCheckOba" value="false"/>
					<bool name="NoCheckEff" value="false"/>
					<classref name="Shape" type="1035932488">
						<string name="Name" value=""/>
						<f32 name="CheckAngle" value="0.0000000000"/>
						<f32 name="CheckRange" value="0.0000000000"/>
						<f32 name="CheckToward" value="0.0000000000"/>
						<bool name="AngleFlag" value="false"/>
						<bool name="TowardFlag" value="false"/>
						<vector3 name="Cone.mCenterPos" x="0.0000000000" y="-180.0000000000" z="0.0000000000"/>
						<f32 name="Cone.mHeight" value="270.0000000000"/>
						<f32 name="Cone.mTopRadius" value="220.0000000000"/>
						<f32 name="Cone.mBottomRadius" value="20.0000000000"/>
					</classref>
					<vector3 name="SetOffset" x="0.0000000000" y="0.0000000000" z="0.0000000000"/>
					<s16 name="ItemFlagNo" value="-1"/>
					<u16 name="ItemId" value="1026"/>
					<s32 name="ItemNum" value="-1"/>
					<u16 name="SetType" value="0"/>
					<s16 name="SetLotNo" value="-1"/>
					<s16 name="SetNo" value="-1"/>
					<u8 name="EffType" value="2"/>
					<vector3 name="EffOffset" x="0.0000000000" y="100.0000000000" z="0.0000000000"/>
					<u8 name="LevelPower" value="0"/>
					<u8 name="LevelFireSpeed" value="0"/>
					<u8 name="LevelReloadSpeed" value="0"/>
					<u8 name="LevelBulletMax" value="0"/>
					<u8 name="LevelBulrRate" value="0"/>
					<u8 name="LevelCritical" value="0"/>
					<u8 name="LevelThrough" value="0"/>
					<u8 name="LevelRange" value="0"/>
					<u8 name="LevelScope" value="0"/>
				</class>
			</classref>
		</classref>
		<classref type="1637199632">
			<s32 name="mID" value="0"/>
			<string name="mInfoClass" value="cSetInfoItem"/>
			<string name="mUnitClass" value="uIt0452"/>
			<classref name="mpInfo" type="381867577">
				<string name="mName" value=""/>
				<string name="mParentName" value=""/>
				<s32 name="mParentNo" value="0"/>
				<u32 name="mOrder" value="4"/>
				<vector3 name="mPosition" x="1848.4337158203" y="-610.4417114258" z="4702.9443359375"/>
				<vector3 name="mAngle" x="0.0000000000" y="0.0000000000" z="0.0000000000"/>
				<vector3 name="mScale" x="1.5000000000" y="1.5000000000" z="1.5000000000"/>
				<u32 name="PatternNo" value="0"/>
				<u32 name="mLife" value="4861056"/>
				<u32 name="mJumpInit" value="0"/>
				<class name="mItemSet" type="1492295384">
					<vector3 name="Pos" x="1848.4337158203" y="-610.4417114258" z="4702.9443359375"/>
					<vector3 name="Ang" x="0.0000000000" y="0.0000000000" z="0.0000000000"/>
					<bool name="AutoPosition" value="true"/>
					<bool name="HitAuto" value="true"/>
					<bool name="NoCheckOba" value="true"/>
					<bool name="NoCheckEff" value="true"/>
					<classref name="Shape" type="1035932488">
						<string name="Name" value=""/>
						<f32 name="CheckAngle" value="0.0000000000"/>
						<f32 name="CheckRange" value="0.0000000000"/>
						<f32 name="CheckToward" value="0.0000000000"/>
						<bool name="AngleFlag" value="false"/>
						<bool name="TowardFlag" value="false"/>
						<vector3 name="Cone.mCenterPos" x="0.0000000000" y="-180.0000000000" z="0.0000000000"/>
						<f32 name="Cone.mHeight" value="270.0000000000"/>
						<f32 name="Cone.mTopRadius" value="220.0000000000"/>
						<f32 name="Cone.mBottomRadius" value="20.0000000000"/>
					</classref>
					<vector3 name="SetOffset" x="0.0000000000" y="0.0000000000" z="0.0000000000"/>
					<s16 name="ItemFlagNo" value="-1"/>
					<u16 name="ItemId" value="1106"/>
					<s32 name="ItemNum" value="-1"/>
					<u16 name="SetType" value="0"/>
					<s16 name="SetLotNo" value="-1"/>
					<s16 name="SetNo" value="-1"/>
					<u8 name="EffType" value="9"/>
					<vector3 name="EffOffset" x="0.0000000000" y="0.0000000000" z="0.0000000000"/>
					<u8 name="LevelPower" value="0"/>
					<u8 name="LevelFireSpeed" value="0"/>
					<u8 name="LevelReloadSpeed" value="0"/>
					<u8 name="LevelBulletMax" value="0"/>
					<u8 name="LevelBulrRate" value="0"/>
					<u8 name="LevelCritical" value="0"/>
					<u8 name="LevelThrough" value="0"/>
					<u8 name="LevelRange" value="0"/>
					<u8 name="LevelScope" value="0"/>
				</class>
			</classref>
		</classref>
		<classref type="1637199632">
			<s32 name="mID" value="0"/>
			<string name="mInfoClass" value="cSetInfoItem"/>
			<string name="mUnitClass" value="uIt045a"/>
			<classref name="mpInfo" type="381867577">
				<string name="mName" value=""/>
				<string name="mParentName" value=""/>
				<s32 name="mParentNo" value="-2107654528"/>
				<u32 name="mOrder" value="4"/>
				<vector3 name="mPosition" x="-283.9865722656" y="367.5314941406" z="-5252.1538085938"/>
				<vector3 name="mAngle" x="-0.2617990077" y="0.0000000000" z="0.0000000000"/>
				<vector3 name="mScale" x="1.5000000000" y="1.5000000000" z="1.5000000000"/>
				<u32 name="PatternNo" value="0"/>
				<u32 name="mLife" value="4861057"/>
				<u32 name="mJumpInit" value="0"/>
				<class name="mItemSet" type="1492295384">
					<vector3 name="Pos" x="-283.9865722656" y="367.5314941406" z="-5252.1538085938"/>
					<vector3 name="Ang" x="-0.2617990077" y="0.0000000000" z="0.0000000000"/>
					<bool name="AutoPosition" value="true"/>
					<bool name="HitAuto" value="false"/>
					<bool name="NoCheckOba" value="true"/>
					<bool name="NoCheckEff" value="true"/>
					<classref name="Shape" type="1035932488">
						<string name="Name" value=""/>
						<f32 name="CheckAngle" value="0.0000000000"/>
						<f32 name="CheckRange" value="0.0000000000"/>
						<f32 name="CheckToward" value="0.0000000000"/>
						<bool name="AngleFlag" value="false"/>
						<bool name="TowardFlag" value="false"/>
						<vector3 name="Cone.mCenterPos" x="-283.9865722656" y="262.0317077637" z="-5252.2993164063"/>
						<f32 name="Cone.mHeight" value="217.0141296387"/>
						<f32 name="Cone.mTopRadius" value="144.0058593750"/>
						<f32 name="Cone.mBottomRadius" value="74.6157989502"/>
					</classref>
					<vector3 name="SetOffset" x="0.0000000000" y="0.0000000000" z="0.0000000000"/>
					<s16 name="ItemFlagNo" value="-1"/>
					<u16 name="ItemId" value="1114"/>
					<s32 name="ItemNum" value="-1"/>
					<u16 name="SetType" value="0"/>
					<s16 name="SetLotNo" value="-1"/>
					<s16 name="SetNo" value="-1"/>
					<u8 name="EffType" value="9"/>
					<vector3 name="EffOffset" x="0.0000000000" y="0.0000000000" z="0.0000000000"/>
					<u8 name="LevelPower" value="0"/>
					<u8 name="LevelFireSpeed" value="0"/>
					<u8 name="LevelReloadSpeed" value="0"/>
					<u8 name="LevelBulletMax" value="0"/>
					<u8 name="LevelBulrRate" value="0"/>
					<u8 name="LevelCritical" value="0"/>
					<u8 name="LevelThrough" value="0"/>
					<u8 name="LevelRange" value="0"/>
					<u8 name="LevelScope" value="0"/>
				</class>
			</classref>
		</classref>
		<classref type="1637199632">
			<s32 name="mID" value="0"/>
			<string name="mInfoClass" value="cSetInfoItem"/>
			<string name="mUnitClass" value="uIt0402"/>
			<classref name="mpInfo" type="381867577">
				<string name="mName" value=""/>
				<string name="mParentName" value=""/>
				<s32 name="mParentNo" value="-2145976320"/>
				<u32 name="mOrder" value="4"/>
				<vector3 name="mPosition" x="-3457.2363281250" y="-387.0900878906" z="-326.8872680664"/>
				<vector3 name="mAngle" x="0.0000000000" y="0.0000000000" z="0.0000000000"/>
				<vector3 name="mScale" x="1.0000000000" y="1.0000000000" z="1.0000000000"/>
				<u32 name="PatternNo" value="0"/>
				<u32 name="mLife" value="4861058"/>
				<u32 name="mJumpInit" value="0"/>
				<class name="mItemSet" type="1492295384">
					<vector3 name="Pos" x="-3457.2363281250" y="-387.0900878906" z="-326.8872680664"/>
					<vector3 name="Ang" x="0.0000000000" y="0.0000000000" z="0.0000000000"/>
					<bool name="AutoPosition" value="true"/>
					<bool name="HitAuto" value="true"/>
					<bool name="NoCheckOba" value="false"/>
					<bool name="NoCheckEff" value="false"/>
					<classref name="Shape" type="1035932488">
						<string name="Name" value=""/>
						<f32 name="CheckAngle" value="0.0000000000"/>
						<f32 name="CheckRange" value="0.0000000000"/>
						<f32 name="CheckToward" value="0.0000000000"/>
						<bool name="AngleFlag" value="false"/>
						<bool name="TowardFlag" value="false"/>
						<vector3 name="Cone.mCenterPos" x="0.0000000000" y="-180.0000000000" z="0.0000000000"/>
						<f32 name="Cone.mHeight" value="270.0000000000"/>
						<f32 name="Cone.mTopRadius" value="220.0000000000"/>
						<f32 name="Cone.mBottomRadius" value="20.0000000000"/>
					</classref>
					<vector3 name="SetOffset" x="0.0000000000" y="0.0000000000" z="0.0000000000"/>
					<s16 name="ItemFlagNo" value="-1"/>
					<u16 name="ItemId" value="1026"/>
					<s32 name="ItemNum" value="-1"/>
					<u16 name="SetType" value="0"/>
					<s16 name="SetLotNo" value="-1"/>
					<s16 name="SetNo" value="-1"/>
					<u8 name="EffType" value="9"/>
					<vector3 name="EffOffset" x="0.0000000000" y="1000.0000000000" z="0.0000000000"/>
					<u8 name="LevelPower" value="0"/>
					<u8 name="LevelFireSpeed" value="0"/>
					<u8 name="LevelReloadSpeed" value="0"/>
					<u8 name="LevelBulletMax" value="0"/>
					<u8 name="LevelBulrRate" value="0"/>
					<u8 name="LevelCritical" value="0"/>
					<u8 name="LevelThrough" value="0"/>
					<u8 name="LevelRange" value="0"/>
					<u8 name="LevelScope" value="0"/>
				</class>
			</classref>
		</classref>
		<classref type="1637199632">
			<s32 name="mID" value="0"/>
			<string name="mInfoClass" value="cSetInfoItem"/>
			<string name="mUnitClass" value="uIt0401"/>
			<classref name="mpInfo" type="381867577">
				<string name="mName" value=""/>
				<string name="mParentName" value=""/>
				<s32 name="mParentNo" value="27263308"/>
				<u32 name="mOrder" value="4"/>
				<vector3 name="mPosition" x="-3655.5993652344" y="-384.9854736328" z="-4438.8193359375"/>
				<vector3 name="mAngle" x="0.0000000000" y="0.0000000000" z="0.0000000000"/>
				<vector3 name="mScale" x="1.0000000000" y="1.0000000000" z="1.0000000000"/>
				<u32 name="PatternNo" value="0"/>
				<u32 name="mLife" value="4861059"/>
				<u32 name="mJumpInit" value="0"/>
				<class name="mItemSet" type="1492295384">
					<vector3 name="Pos" x="-3655.5993652344" y="-384.9854736328" z="-4438.8193359375"/>
					<vector3 name="Ang" x="0.0000000000" y="0.0000000000" z="0.0000000000"/>
					<bool name="AutoPosition" value="true"/>
					<bool name="HitAuto" value="true"/>
					<bool name="NoCheckOba" value="false"/>
					<bool name="NoCheckEff" value="false"/>
					<classref name="Shape" type="1035932488">
						<string name="Name" value=""/>
						<f32 name="CheckAngle" value="0.0000000000"/>
						<f32 name="CheckRange" value="0.0000000000"/>
						<f32 name="CheckToward" value="0.0000000000"/>
						<bool name="AngleFlag" value="false"/>
						<bool name="TowardFlag" value="false"/>
						<vector3 name="Cone.mCenterPos" x="0.0000000000" y="-180.0000000000" z="0.0000000000"/>
						<f32 name="Cone.mHeight" value="270.0000000000"/>
						<f32 name="Cone.mTopRadius" value="220.0000000000"/>
						<f32 name="Cone.mBottomRadius" value="20.0000000000"/>
					</classref>
					<vector3 name="SetOffset" x="0.0000000000" y="0.0000000000" z="0.0000000000"/>
					<s16 name="ItemFlagNo" value="-1"/>
					<u16 name="ItemId" value="1025"/>
					<s32 name="ItemNum" value="-1"/>
					<u16 name="SetType" value="0"/>
					<s16 name="SetLotNo" value="-1"/>
					<s16 name="SetNo" value="-1"/>
					<u8 name="EffType" value="9"/>
					<vector3 name="EffOffset" x="0.0000000000" y="100.0000000000" z="0.0000000000"/>
					<u8 name="LevelPower" value="0"/>
					<u8 name="LevelFireSpeed" value="0"/>
					<u8 name="LevelReloadSpeed" value="0"/>
					<u8 name="LevelBulletMax" value="0"/>
					<u8 name="LevelBulrRate" value="0"/>
					<u8 name="LevelCritical" value="0"/>
					<u8 name="LevelThrough" value="0"/>
					<u8 name="LevelRange" value="0"/>
					<u8 name="LevelScope" value="0"/>
				</class>
			</classref>
		</classref>
		<classref type="1637199632">
			<s32 name="mID" value="0"/>
			<string name="mInfoClass" value="cSetInfoItem"/>
			<string name="mUnitClass" value="uIt0450"/>
			<classref name="mpInfo" type="381867577">
				<string name="mName" value=""/>
				<string name="mParentName" value=""/>
				<s32 name="mParentNo" value="8388608"/>
				<u32 name="mOrder" value="4"/>
				<vector3 name="mPosition" x="-4560.0566406250" y="-393.3401184082" z="-3514.6279296875"/>
				<vector3 name="mAngle" x="0.0000000000" y="0.0000000000" z="0.0000000000"/>
				<vector3 name="mScale" x="1.5000000000" y="1.5000000000" z="1.5000000000"/>
				<u32 name="PatternNo" value="0"/>
				<u32 name="mLife" value="4861060"/>
				<u32 name="mJumpInit" value="0"/>
				<class name="mItemSet" type="1492295384">
					<vector3 name="Pos" x="-4560.0566406250" y="-393.3401184082" z="-3514.6279296875"/>
					<vector3 name="Ang" x="0.0000000000" y="0.0000000000" z="0.0000000000"/>
					<bool name="AutoPosition" value="true"/>
					<bool name="HitAuto" value="true"/>
					<bool name="NoCheckOba" value="false"/>
					<bool name="NoCheckEff" value="false"/>
					<classref name="Shape" type="1035932488">
						<string name="Name" value=""/>
						<f32 name="CheckAngle" value="0.0000000000"/>
						<f32 name="CheckRange" value="0.0000000000"/>
						<f32 name="CheckToward" value="0.0000000000"/>
						<bool name="AngleFlag" value="false"/>
						<bool name="TowardFlag" value="false"/>
						<vector3 name="Cone.mCenterPos" x="0.0000000000" y="-180.0000000000" z="0.0000000000"/>
						<f32 name="Cone.mHeight" value="270.0000000000"/>
						<f32 name="Cone.mTopRadius" value="220.0000000000"/>
						<f32 name="Cone.mBottomRadius" value="20.0000000000"/>
					</classref>
					<vector3 name="SetOffset" x="0.0000000000" y="0.0000000000" z="0.0000000000"/>
					<s16 name="ItemFlagNo" value="-1"/>
					<u16 name="ItemId" value="1104"/>
					<s32 name="ItemNum" value="-1"/>
					<u16 name="SetType" value="0"/>
					<s16 name="SetLotNo" value="-1"/>
					<s16 name="SetNo" value="-1"/>
					<u8 name="EffType" value="9"/>
					<vector3 name="EffOffset" x="0.0000000000" y="100.0000000000" z="0.0000000000"/>
					<u8 name="LevelPower" value="0"/>
					<u8 name="LevelFireSpeed" value="0"/>
					<u8 name="LevelReloadSpeed" value="0"/>
					<u8 name="LevelBulletMax" value="0"/>
					<u8 name="LevelBulrRate" value="0"/>
					<u8 name="LevelCritical" value="0"/>
					<u8 name="LevelThrough" value="0"/>
					<u8 name="LevelRange" value="0"/>
					<u8 name="LevelScope" value="0"/>
				</class>
			</classref>
		</classref>
		<classref type="1637199632">
			<s32 name="mID" value="0"/>
			<string name="mInfoClass" value="cSetInfoItem"/>
			<string name="mUnitClass" value="uIt0203"/>
			<classref name="mpInfo" type="381867577">
				<string name="mName" value=""/>
				<string name="mParentName" value=""/>
				<s32 name="mParentNo" value="114425056"/>
				<u32 name="mOrder" value="4"/>
				<vector3 name="mPosition" x="-1352.4801025391" y="77.1945419312" z="-3647.3103027344"/>
				<vector3 name="mAngle" x="0.0000000000" y="0.0000000000" z="0.0000000000"/>
				<vector3 name="mScale" x="1.0000000000" y="1.0000000000" z="1.0000000000"/>
				<u32 name="PatternNo" value="0"/>
				<u32 name="mLife" value="4861061"/>
				<u32 name="mJumpInit" value="0"/>
				<class name="mItemSet" type="1492295384">
					<vector3 name="Pos" x="-1352.4801025391" y="77.1945419312" z="-3647.3103027344"/>
					<vector3 name="Ang" x="0.0000000000" y="0.0000000000" z="0.0000000000"/>
					<bool name="AutoPosition" value="true"/>
					<bool name="HitAuto" value="true"/>
					<bool name="NoCheckOba" value="false"/>
					<bool name="NoCheckEff" value="false"/>
					<classref name="Shape" type="1035932488">
						<string name="Name" value=""/>
						<f32 name="CheckAngle" value="0.0000000000"/>
						<f32 name="CheckRange" value="0.0000000000"/>
						<f32 name="CheckToward" value="0.0000000000"/>
						<bool name="AngleFlag" value="false"/>
						<bool name="TowardFlag" value="false"/>
						<vector3 name="Cone.mCenterPos" x="0.0000000000" y="-180.0000000000" z="0.0000000000"/>
						<f32 name="Cone.mHeight" value="270.0000000000"/>
						<f32 name="Cone.mTopRadius" value="220.0000000000"/>
						<f32 name="Cone.mBottomRadius" value="20.0000000000"/>
					</classref>
					<vector3 name="SetOffset" x="0.0000000000" y="0.0000000000" z="0.0000000000"/>
					<s16 name="ItemFlagNo" value="-1"/>
					<u16 name="ItemId" value="515"/>
					<s32 name="ItemNum" value="-1"/>
					<u16 name="SetType" value="2"/>
					<s16 name="SetLotNo" value="40"/>
					<s16 name="SetNo" value="92"/>
					<u8 name="EffType" value="0"/>
					<vector3 name="EffOffset" x="0.0000000000" y="0.0000000000" z="0.0000000000"/>
					<u8 name="LevelPower" value="0"/>
					<u8 name="LevelFireSpeed" value="0"/>
					<u8 name="LevelReloadSpeed" value="0"/>
					<u8 name="LevelBulletMax" value="0"/>
					<u8 name="LevelBulrRate" value="0"/>
					<u8 name="LevelCritical" value="0"/>
					<u8 name="LevelThrough" value="0"/>
					<u8 name="LevelRange" value="0"/>
					<u8 name="LevelScope" value="0"/>
				</class>
			</classref>
		</classref>
		<classref type="1637199632">
			<s32 name="mID" value="0"/>
			<string name="mInfoClass" value="cSetInfoItem"/>
			<string name="mUnitClass" value="uIt0302"/>
			<classref name="mpInfo" type="381867577">
				<string name="mName" value=""/>
				<string name="mParentName" value=""/>
				<s32 name="mParentNo" value="-2109034976"/>
				<u32 name="mOrder" value="4"/>
				<vector3 name="mPosition" x="-353.0116882324" y="117.3007583618" z="-4129.2680664063"/>
				<vector3 name="mAngle" x="-0.0000000000" y="0.0559180006" z="0.0000000000"/>
				<vector3 name="mScale" x="1.0000000000" y="1.0000000000" z="1.0000000000"/>
				<u32 name="PatternNo" value="0"/>
				<u32 name="mLife" value="4861062"/>
				<u32 name="mJumpInit" value="0"/>
				<class name="mItemSet" type="1492295384">
					<vector3 name="Pos" x="-353.0116882324" y="117.3007583618" z="-4129.2680664063"/>
					<vector3 name="Ang" x="-0.0000000000" y="0.0559180006" z="0.0000000000"/>
					<bool name="AutoPosition" value="true"/>
					<bool name="HitAuto" value="true"/>
					<bool name="NoCheckOba" value="false"/>
					<bool name="NoCheckEff" value="false"/>
					<classref name="Shape" type="1035932488">
						<string name="Name" value=""/>
						<f32 name="CheckAngle" value="0.0000000000"/>
						<f32 name="CheckRange" value="0.0000000000"/>
						<f32 name="CheckToward" value="0.0000000000"/>
						<bool name="AngleFlag" value="false"/>
						<bool name="TowardFlag" value="false"/>
						<vector3 name="Cone.mCenterPos" x="0.0000000000" y="-180.0000000000" z="0.0000000000"/>
						<f32 name="Cone.mHeight" value="270.0000000000"/>
						<f32 name="Cone.mTopRadius" value="220.0000000000"/>
						<f32 name="Cone.mBottomRadius" value="20.0000000000"/>
					</classref>
					<vector3 name="SetOffset" x="0.0000000000" y="0.0000000000" z="0.0000000000"/>
					<s16 name="ItemFlagNo" value="-1"/>
					<u16 name="ItemId" value="770"/>
					<s32 name="ItemNum" value="-1"/>
					<u16 name="SetType" value="0"/>
					<s16 name="SetLotNo" value="-1"/>
					<s16 name="SetNo" value="-1"/>
					<u8 name="EffType" value="1"/>
					<vector3 name="EffOffset" x="0.0000000000" y="0.0000000000" z="0.0000000000"/>
					<u8 name="LevelPower" value="0"/>
					<u8 name="LevelFireSpeed" value="0"/>
					<u8 name="LevelReloadSpeed" value="0"/>
					<u8 name="LevelBulletMax" value="0"/>
					<u8 name="LevelBulrRate" value="0"/>
					<u8 name="LevelCritical" value="0"/>
					<u8 name="LevelThrough" value="0"/>
					<u8 name="LevelRange" value="0"/>
					<u8 name="LevelScope" value="0"/>
				</class>
			</classref>
		</classref>
		<classref type="1637199632">
			<s32 name="mID" value="0"/>
			<string name="mInfoClass" value="cSetInfoItem"/>
			<string name="mUnitClass" value="uIt0474"/>
			<classref name="mpInfo" type="381867577">
				<string name="mName" value=""/>
				<string name="mParentName" value=""/>
				<s32 name="mParentNo" value="114472736"/>
				<u32 name="mOrder" value="4"/>
				<vector3 name="mPosition" x="-1367.3004150391" y="5.3483748436" z="-3956.6923828125"/>
				<vector3 name="mAngle" x="0.0000000000" y="-0.9426320195" z="0.0000000000"/>
				<vector3 name="mScale" x="1.5000000000" y="1.5000000000" z="1.5000000000"/>
				<u32 name="PatternNo" value="0"/>
				<u32 name="mLife" value="4861063"/>
				<u32 name="mJumpInit" value="0"/>
				<class name="mItemSet" type="1492295384">
					<vector3 name="Pos" x="-1367.3004150391" y="5.3483748436" z="-3956.6923828125"/>
					<vector3 name="Ang" x="0.0000000000" y="-0.9426320195" z="0.0000000000"/>
					<bool name="AutoPosition" value="true"/>
					<bool name="HitAuto" value="true"/>
					<bool name="NoCheckOba" value="false"/>
					<bool name="NoCheckEff" value="false"/>
					<classref name="Shape" type="1035932488">
						<string name="Name" value=""/>
						<f32 name="CheckAngle" value="0.0000000000"/>
						<f32 name="CheckRange" value="0.0000000000"/>
						<f32 name="CheckToward" value="0.0000000000"/>
						<bool name="AngleFlag" value="false"/>
						<bool name="TowardFlag" value="false"/>
						<vector3 name="Cone.mCenterPos" x="0.0000000000" y="-180.0000000000" z="0.0000000000"/>
						<f32 name="Cone.mHeight" value="270.0000000000"/>
						<f32 name="Cone.mTopRadius" value="220.0000000000"/>
						<f32 name="Cone.mBottomRadius" value="20.0000000000"/>
					</classref>
					<vector3 name="SetOffset" x="0.0000000000" y="0.0000000000" z="0.0000000000"/>
					<s16 name="ItemFlagNo" value="-1"/>
					<u16 name="ItemId" value="1140"/>
					<s32 name="ItemNum" value="-1"/>
					<u16 name="SetType" value="3"/>
					<s16 name="SetLotNo" value="63"/>
					<s16 name="SetNo" value="0"/>
					<u8 name="EffType" value="9"/>
					<vector3 name="EffOffset" x="0.0000000000" y="0.0000000000" z="0.0000000000"/>
					<u8 name="LevelPower" value="0"/>
					<u8 name="LevelFireSpeed" value="0"/>
					<u8 name="LevelReloadSpeed" value="0"/>
					<u8 name="LevelBulletMax" value="0"/>
					<u8 name="LevelBulrRate" value="0"/>
					<u8 name="LevelCritical" value="0"/>
					<u8 name="LevelThrough" value="0"/>
					<u8 name="LevelRange" value="0"/>
					<u8 name="LevelScope" value="0"/>
				</class>
			</classref>
		</classref>
		<classref type="1637199632">
			<s32 name="mID" value="0"/>
			<string name="mInfoClass" value="cSetInfoItem"/>
			<string name="mUnitClass" value="uWp06"/>
			<classref name="mpInfo" type="381867577">
				<string name="mName" value=""/>
				<string name="mParentName" value=""/>
				<s32 name="mParentNo" value="-2108007104"/>
				<u32 name="mOrder" value="4"/>
				<vector3 name="mPosition" x="-1127.4702148438" y="110.9384307861" z="-4237.6958007813"/>
				<vector3 name="mAngle" x="1.5184390545" y="-0.4539769888" z="3.1415920258"/>
				<vector3 name="mScale" x="1.0000000000" y="1.0000000000" z="1.0000000000"/>
				<u32 name="PatternNo" value="0"/>
				<u32 name="mLife" value="4861064"/>
				<u32 name="mJumpInit" value="0"/>
				<class name="mItemSet" type="1492295384">
					<vector3 name="Pos" x="-1127.4702148438" y="110.9384307861" z="-4237.6958007813"/>
					<vector3 name="Ang" x="1.5184390545" y="-0.4539769888" z="3.1415920258"/>
					<bool name="AutoPosition" value="true"/>
					<bool name="HitAuto" value="true"/>
					<bool name="NoCheckOba" value="false"/>
					<bool name="NoCheckEff" value="false"/>
					<classref name="Shape" type="1035932488">
						<string name="Name" value=""/>
						<f32 name="CheckAngle" value="0.0000000000"/>
						<f32 name="CheckRange" value="0.0000000000"/>
						<f32 name="CheckToward" value="0.0000000000"/>
						<bool name="AngleFlag" value="false"/>
						<bool name="TowardFlag" value="false"/>
						<vector3 name="Cone.mCenterPos" x="0.0000000000" y="-180.0000000000" z="0.0000000000"/>
						<f32 name="Cone.mHeight" value="270.0000000000"/>
						<f32 name="Cone.mTopRadius" value="220.0000000000"/>
						<f32 name="Cone.mBottomRadius" value="20.0000000000"/>
					</classref>
					<vector3 name="SetOffset" x="0.0000000000" y="0.0000000000" z="0.0000000000"/>
					<s16 name="ItemFlagNo" value="-1"/>
					<u16 name="ItemId" value="262"/>
					<s32 name="ItemNum" value="-1"/>
					<u16 name="SetType" value="2"/>
					<s16 name="SetLotNo" value="40"/>
					<s16 name="SetNo" value="91"/>
					<u8 name="EffType" value="0"/>
					<vector3 name="EffOffset" x="0.0000000000" y="0.0000000000" z="0.0000000000"/>
					<u8 name="LevelPower" value="0"/>
					<u8 name="LevelFireSpeed" value="0"/>
					<u8 name="LevelReloadSpeed" value="0"/>
					<u8 name="LevelBulletMax" value="0"/>
					<u8 name="LevelBulrRate" value="0"/>
					<u8 name="LevelCritical" value="0"/>
					<u8 name="LevelThrough" value="0"/>
					<u8 name="LevelRange" value="0"/>
					<u8 name="LevelScope" value="0"/>
				</class>
			</classref>
		</classref>
		<classref type="1637199632">
			<s32 name="mID" value="0"/>
			<string name="mInfoClass" value="cSetInfoItem"/>
			<string name="mUnitClass" value="uWp05"/>
			<classref name="mpInfo" type="381867577">
				<string name="mName" value=""/>
				<string name="mParentName" value=""/>
				<s32 name="mParentNo" value="1868848176"/>
				<u32 name="mOrder" value="4"/>
				<vector3 name="mPosition" x="2563.4633789063" y="161.4820404053" z="-6817.3378906250"/>
				<vector3 name="mAngle" x="0.0000000000" y="1.8447200060" z="0.0000000000"/>
				<vector3 name="mScale" x="1.0000000000" y="1.0000000000" z="1.0000000000"/>
				<u32 name="PatternNo" value="0"/>
				<u32 name="mLife" value="4861065"/>
				<u32 name="mJumpInit" value="0"/>
				<class name="mItemSet" type="1492295384">
					<vector3 name="Pos" x="2563.4633789063" y="161.4820404053" z="-6817.3378906250"/>
					<vector3 name="Ang" x="0.0000000000" y="1.8447200060" z="0.0000000000"/>
					<bool name="AutoPosition" value="true"/>
					<bool name="HitAuto" value="true"/>
					<bool name="NoCheckOba" value="false"/>
					<bool name="NoCheckEff" value="false"/>
					<classref name="Shape" type="1035932488">
						<string name="Name" value=""/>
						<f32 name="CheckAngle" value="0.0000000000"/>
						<f32 name="CheckRange" value="0.0000000000"/>
						<f32 name="CheckToward" value="0.0000000000"/>
						<bool name="AngleFlag" value="false"/>
						<bool name="TowardFlag" value="false"/>
						<vector3 name="Cone.mCenterPos" x="0.0000000000" y="-180.0000000000" z="0.0000000000"/>
						<f32 name="Cone.mHeight" value="270.0000000000"/>
						<f32 name="Cone.mTopRadius" value="220.0000000000"/>
						<f32 name="Cone.mBottomRadius" value="20.0000000000"/>
					</classref>
					<vector3 name="SetOffset" x="0.0000000000" y="0.0000000000" z="0.0000000000"/>
					<s16 name="ItemFlagNo" value="-1"/>
					<u16 name="ItemId" value="261"/>
					<s32 name="ItemNum" value="-1"/>
					<u16 name="SetType" value="0"/>
					<s16 name="SetLotNo" value="63"/>
					<s16 name="SetNo" value="1"/>
					<u8 name="EffType" value="1"/>
					<vector3 name="EffOffset" x="0.0000000000" y="0.0000000000" z="0.0000000000"/>
					<u8 name="LevelPower" value="0"/>
					<u8 name="LevelFireSpeed" value="0"/>
					<u8 name="LevelReloadSpeed" value="0"/>
					<u8 name="LevelBulletMax" value="0"/>
					<u8 name="LevelBulrRate" value="0"/>
					<u8 name="LevelCritical" value="0"/>
					<u8 name="LevelThrough" value="0"/>
					<u8 name="LevelRange" value="0"/>
					<u8 name="LevelScope" value="0"/>
				</class>
			</classref>
		</classref>
		<classref type="1637199632">
			<s32 name="mID" value="0"/>
			<string name="mInfoClass" value="cSetInfoItem"/>
			<string name="mUnitClass" value="uIt0201"/>
			<classref name="mpInfo" type="381867577">
				<string name="mName" value=""/>
				<string name="mParentName" value=""/>
				<s32 name="mParentNo" value="114425056"/>
				<u32 name="mOrder" value="4"/>
				<vector3 name="mPosition" x="44.0442771912" y="110.1071014404" z="-4200.5053710938"/>
				<vector3 name="mAngle" x="0.0000000000" y="0.5627009869" z="0.0000000000"/>
				<vector3 name="mScale" x="1.0000000000" y="1.0000000000" z="1.0000000000"/>
				<u32 name="PatternNo" value="0"/>
				<u32 name="mLife" value="4861066"/>
				<u32 name="mJumpInit" value="0"/>
				<class name="mItemSet" type="1492295384">
					<vector3 name="Pos" x="44.0442771912" y="110.1071014404" z="-4200.5053710938"/>
					<vector3 name="Ang" x="0.0000000000" y="0.5627009869" z="0.0000000000"/>
					<bool name="AutoPosition" value="true"/>
					<bool name="HitAuto" value="false"/>
					<bool name="NoCheckOba" value="true"/>
					<bool name="NoCheckEff" value="true"/>
					<classref name="Shape" type="1035932488">
						<string name="Name" value=""/>
						<f32 name="CheckAngle" value="0.0000000000"/>
						<f32 name="CheckRange" value="0.0000000000"/>
						<f32 name="CheckToward" value="0.0000000000"/>
						<bool name="AngleFlag" value="false"/>
						<bool name="TowardFlag" value="false"/>
						<vector3 name="Cone.mCenterPos" x="40.1661720276" y="-4.0482668877" z="-4242.7690429688"/>
						<f32 name="Cone.mHeight" value="270.0000000000"/>
						<f32 name="Cone.mTopRadius" value="220.0000000000"/>
						<f32 name="Cone.mBottomRadius" value="20.0000000000"/>
					</classref>
					<vector3 name="SetOffset" x="0.0000000000" y="0.0000000000" z="0.0000000000"/>
					<s16 name="ItemFlagNo" value="-1"/>
					<u16 name="ItemId" value="513"/>
					<s32 name="ItemNum" value="-1"/>
					<u16 name="SetType" value="2"/>
					<s16 name="SetLotNo" value="40"/>
					<s16 name="SetNo" value="64"/>
					<u8 name="EffType" value="0"/>
					<vector3 name="EffOffset" x="0.0000000000" y="0.0000000000" z="0.0000000000"/>
					<u8 name="LevelPower" value="0"/>
					<u8 name="LevelFireSpeed" value="0"/>
					<u8 name="LevelReloadSpeed" value="0"/>
					<u8 name="LevelBulletMax" value="0"/>
					<u8 name="LevelBulrRate" value="0"/>
					<u8 name="LevelCritical" value="0"/>
					<u8 name="LevelThrough" value="0"/>
					<u8 name="LevelRange" value="0"/>
					<u8 name="LevelScope" value="0"/>
				</class>
			</classref>
		</classref>
		<classref type="1637199632">
			<s32 name="mID" value="0"/>
			<string name="mInfoClass" value="cSetInfoItem"/>
			<string name="mUnitClass" value="uIt0204"/>
			<classref name="mpInfo" type="381867577">
				<string name="mName" value=""/>
				<string name="mParentName" value=""/>
				<s32 name="mParentNo" value="114425056"/>
				<u32 name="mOrder" value="4"/>
				<vector3 name="mPosition" x="1254.7521972656" y="101.7746887207" z="-6299.5751953125"/>
				<vector3 name="mAngle" x="0.0174529999" y="0.0000000000" z="-0.1221729964"/>
				<vector3 name="mScale" x="1.0000000000" y="1.0000000000" z="1.0000000000"/>
				<u32 name="PatternNo" value="0"/>
				<u32 name="mLife" value="4861067"/>
				<u32 name="mJumpInit" value="0"/>
				<class name="mItemSet" type="1492295384">
					<vector3 name="Pos" x="1254.7521972656" y="101.7746887207" z="-6299.5751953125"/>
					<vector3 name="Ang" x="0.0174529999" y="0.0000000000" z="-0.1221729964"/>
					<bool name="AutoPosition" value="true"/>
					<bool name="HitAuto" value="true"/>
					<bool name="NoCheckOba" value="false"/>
					<bool name="NoCheckEff" value="false"/>
					<classref name="Shape" type="1035932488">
						<string name="Name" value=""/>
						<f32 name="CheckAngle" value="0.0000000000"/>
						<f32 name="CheckRange" value="0.0000000000"/>
						<f32 name="CheckToward" value="0.0000000000"/>
						<bool name="AngleFlag" value="false"/>
						<bool name="TowardFlag" value="false"/>
						<vector3 name="Cone.mCenterPos" x="0.0000000000" y="-180.0000000000" z="0.0000000000"/>
						<f32 name="Cone.mHeight" value="270.0000000000"/>
						<f32 name="Cone.mTopRadius" value="220.0000000000"/>
						<f32 name="Cone.mBottomRadius" value="20.0000000000"/>
					</classref>
					<vector3 name="SetOffset" x="0.0000000000" y="-4.0000000000" z="0.0000000000"/>
					<s16 name="ItemFlagNo" value="-1"/>
					<u16 name="ItemId" value="516"/>
					<s32 name="ItemNum" value="-1"/>
					<u16 name="SetType" value="2"/>
					<s16 name="SetLotNo" value="40"/>
					<s16 name="SetNo" value="67"/>
					<u8 name="EffType" value="0"/>
					<vector3 name="EffOffset" x="0.0000000000" y="0.0000000000" z="0.0000000000"/>
					<u8 name="LevelPower" value="0"/>
					<u8 name="LevelFireSpeed" value="0"/>
					<u8 name="LevelReloadSpeed" value="0"/>
					<u8 name="LevelBulletMax" value="0"/>
					<u8 name="LevelBulrRate" value="0"/>
					<u8 name="LevelCritical" value="0"/>
					<u8 name="LevelThrough" value="0"/>
					<u8 name="LevelRange" value="0"/>
					<u8 name="LevelScope" value="0"/>
				</class>
			</classref>
		</classref>
		<classref type="1637199632">
			<s32 name="mID" value="0"/>
			<string name="mInfoClass" value="cSetInfoItem"/>
			<string name="mUnitClass" value="uIt0424"/>
			<classref name="mpInfo" type="381867577">
				<string name="mName" value=""/>
				<string name="mParentName" value=""/>
				<s32 name="mParentNo" value="114425056"/>
				<u32 name="mOrder" value="4"/>
				<vector3 name="mPosition" x="-1174.3194580078" y="5.5775179863" z="-3915.7216796875"/>
				<vector3 name="mAngle" x="0.0000000000" y="0.0000000000" z="0.0000000000"/>
				<vector3 name="mScale" x="1.0000000000" y="1.0000000000" z="1.0000000000"/>
				<u32 name="PatternNo" value="0"/>
				<u32 name="mLife" value="4861068"/>
				<u32 name="mJumpInit" value="0"/>
				<class name="mItemSet" type="1492295384">
					<vector3 name="Pos" x="-1174.3194580078" y="5.5775179863" z="-3915.7216796875"/>
					<vector3 name="Ang" x="0.0000000000" y="0.0000000000" z="0.0000000000"/>
					<bool name="AutoPosition" value="true"/>
					<bool name="HitAuto" value="true"/>
					<bool name="NoCheckOba" value="true"/>
					<bool name="NoCheckEff" value="true"/>
					<classref name="Shape" type="1035932488">
						<string name="Name" value=""/>
						<f32 name="CheckAngle" value="0.0000000000"/>
						<f32 name="CheckRange" value="0.0000000000"/>
						<f32 name="CheckToward" value="0.0000000000"/>
						<bool name="AngleFlag" value="false"/>
						<bool name="TowardFlag" value="false"/>
						<vector3 name="Cone.mCenterPos" x="0.0000000000" y="-180.0000000000" z="0.0000000000"/>
						<f32 name="Cone.mHeight" value="270.0000000000"/>
						<f32 name="Cone.mTopRadius" value="220.0000000000"/>
						<f32 name="Cone.mBottomRadius" value="20.0000000000"/>
					</classref>
					<vector3 name="SetOffset" x="30.0000000000" y="0.0000000000" z="0.0000000000"/>
					<s16 name="ItemFlagNo" value="-1"/>
					<u16 name="ItemId" value="1060"/>
					<s32 name="ItemNum" value="-1"/>
					<u16 name="SetType" value="1"/>
					<s16 name="SetLotNo" value="4"/>
					<s16 name="SetNo" value="0"/>
					<u8 name="EffType" value="0"/>
					<vector3 name="EffOffset" x="0.0000000000" y="0.0000000000" z="0.0000000000"/>
					<u8 name="LevelPower" value="0"/>
					<u8 name="LevelFireSpeed" value="0"/>
					<u8 name="LevelReloadSpeed" value="0"/>
					<u8 name="LevelBulletMax" value="0"/>
					<u8 name="LevelBulrRate" value="0"/>
					<u8 name="LevelCritical" value="0"/>
					<u8 name="LevelThrough" value="0"/>
					<u8 name="LevelRange" value="0"/>
					<u8 name="LevelScope" value="0"/>
				</class>
			</classref>
		</classref>
		<classref type="1637199632">
			<s32 name="mID" value="0"/>
			<string name="mInfoClass" value="cSetInfoItem"/>
			<string name="mUnitClass" value="uIt0424"/>
			<classref name="mpInfo" type="381867577">
				<string name="mName" value=""/>
				<string name="mParentName" value=""/>
				<s32 name="mParentNo" value="114425056"/>
				<u32 name="mOrder" value="4"/>
				<vector3 name="mPosition" x="3710.9604492188" y="5.5775132179" z="-17593.1523437500"/>
				<vector3 name="mAngle" x="0.0000000000" y="0.0000000000" z="0.0000000000"/>
				<vector3 name="mScale" x="1.0000000000" y="1.0000000000" z="1.0000000000"/>
				<u32 name="PatternNo" value="0"/>
				<u32 name="mLife" value="4861069"/>
				<u32 name="mJumpInit" value="0"/>
				<class name="mItemSet" type="1492295384">
					<vector3 name="Pos" x="3710.9604492188" y="5.5775132179" z="-17593.1523437500"/>
					<vector3 name="Ang" x="0.0000000000" y="0.0000000000" z="0.0000000000"/>
					<bool name="AutoPosition" value="true"/>
					<bool name="HitAuto" value="true"/>
					<bool name="NoCheckOba" value="true"/>
					<bool name="NoCheckEff" value="true"/>
					<classref name="Shape" type="1035932488">
						<string name="Name" value=""/>
						<f32 name="CheckAngle" value="0.0000000000"/>
						<f32 name="CheckRange" value="0.0000000000"/>
						<f32 name="CheckToward" value="0.0000000000"/>
						<bool name="AngleFlag" value="false"/>
						<bool name="TowardFlag" value="false"/>
						<vector3 name="Cone.mCenterPos" x="0.0000000000" y="-180.0000000000" z="0.0000000000"/>
						<f32 name="Cone.mHeight" value="270.0000000000"/>
						<f32 name="Cone.mTopRadius" value="220.0000000000"/>
						<f32 name="Cone.mBottomRadius" value="20.0000000000"/>
					</classref>
					<vector3 name="SetOffset" x="30.0000000000" y="0.0000000000" z="0.0000000000"/>
					<s16 name="ItemFlagNo" value="-1"/>
					<u16 name="ItemId" value="1060"/>
					<s32 name="ItemNum" value="-1"/>
					<u16 name="SetType" value="1"/>
					<s16 name="SetLotNo" value="1"/>
					<s16 name="SetNo" value="11"/>
					<u8 name="EffType" value="0"/>
					<vector3 name="EffOffset" x="0.0000000000" y="0.0000000000" z="0.0000000000"/>
					<u8 name="LevelPower" value="0"/>
					<u8 name="LevelFireSpeed" value="0"/>
					<u8 name="LevelReloadSpeed" value="0"/>
					<u8 name="LevelBulletMax" value="0"/>
					<u8 name="LevelBulrRate" value="0"/>
					<u8 name="LevelCritical" value="0"/>
					<u8 name="LevelThrough" value="0"/>
					<u8 name="LevelRange" value="0"/>
					<u8 name="LevelScope" value="0"/>
				</class>
			</classref>
		</classref>
		<classref type="1637199632">
			<s32 name="mID" value="0"/>
			<string name="mInfoClass" value="cSetInfoItem"/>
			<string name="mUnitClass" value="uIt0454"/>
			<classref name="mpInfo" type="381867577">
				<string name="mName" value=""/>
				<string name="mParentName" value=""/>
				<s32 name="mParentNo" value="114425056"/>
				<u32 name="mOrder" value="4"/>
				<vector3 name="mPosition" x="106.1502838135" y="11.0691127777" z="-2742.8107910156"/>
				<vector3 name="mAngle" x="0.0000000000" y="0.0000000000" z="0.0000000000"/>
				<vector3 name="mScale" x="1.5000000000" y="1.5000000000" z="1.5000000000"/>
				<u32 name="PatternNo" value="0"/>
				<u32 name="mLife" value="4861070"/>
				<u32 name="mJumpInit" value="0"/>
				<class name="mItemSet" type="1492295384">
					<vector3 name="Pos" x="106.1502838135" y="11.0691127777" z="-2742.8107910156"/>
					<vector3 name="Ang" x="0.0000000000" y="0.0000000000" z="0.0000000000"/>
					<bool name="AutoPosition" value="true"/>
					<bool name="HitAuto" value="true"/>
					<bool name="NoCheckOba" value="true"/>
					<bool name="NoCheckEff" value="true"/>
					<classref name="Shape" type="1035932488">
						<string name="Name" value=""/>
						<f32 name="CheckAngle" value="0.0000000000"/>
						<f32 name="CheckRange" value="0.0000000000"/>
						<f32 name="CheckToward" value="0.0000000000"/>
						<bool name="AngleFlag" value="false"/>
						<bool name="TowardFlag" value="false"/>
						<vector3 name="Cone.mCenterPos" x="0.0000000000" y="-180.0000000000" z="0.0000000000"/>
						<f32 name="Cone.mHeight" value="270.0000000000"/>
						<f32 name="Cone.mTopRadius" value="220.0000000000"/>
						<f32 name="Cone.mBottomRadius" value="20.0000000000"/>
					</classref>
					<vector3 name="SetOffset" x="0.0000000000" y="0.0000000000" z="0.0000000000"/>
					<s16 name="ItemFlagNo" value="-1"/>
					<u16 name="ItemId" value="1108"/>
					<s32 name="ItemNum" value="-1"/>
					<u16 name="SetType" value="1"/>
					<s16 name="SetLotNo" value="6"/>
					<s16 name="SetNo" value="0"/>
					<u8 name="EffType" value="0"/>
					<vector3 name="EffOffset" x="0.0000000000" y="0.0000000000" z="0.0000000000"/>
					<u8 name="LevelPower" value="0"/>
					<u8 name="LevelFireSpeed" value="0"/>
					<u8 name="LevelReloadSpeed" value="0"/>
					<u8 name="LevelBulletMax" value="0"/>
					<u8 name="LevelBulrRate" value="0"/>
					<u8 name="LevelCritical" value="0"/>
					<u8 name="LevelThrough" value="0"/>
					<u8 name="LevelRange" value="0"/>
					<u8 name="LevelScope" value="0"/>
				</class>
			</classref>
		</classref>
	</array>
</class>
