<?xml version="1.0" encoding="utf-8"?>
<class name="XFS" type="355479284">
	<u32 name="mQuality" value="2"/>
	<array name="mSetInfos" type="classref" count="2">
		<classref type="1637199632">
			<s32 name="mID" value="0"/>
			<string name="mInfoClass" value="cSetInfoItem"/>
			<string name="mUnitClass" value="uWp02"/>
			<classref name="mpInfo" type="381867577">
				<string name="mName" value=""/>
				<string name="mParentName" value=""/>
				<s32 name="mParentNo" value="0"/>
				<u32 name="mOrder" value="4"/>
				<vector3 name="mPosition" x="0.0000000000" y="7.0000000000" z="0.0000000000"/>
				<vector3 name="mAngle" x="0.0000000000" y="0.0000000000" z="0.0000000000"/>
				<vector3 name="mScale" x="1.0000000000" y="1.0000000000" z="1.0000000000"/>
				<u32 name="PatternNo" value="0"/>
				<u32 name="mLife" value="4861510"/>
				<u32 name="mJumpInit" value="0"/>
				<class name="mItemSet" type="1492295384">
					<vector3 name="Pos" x="0.0000000000" y="7.0000000000" z="0.0000000000"/>
					<vector3 name="Ang" x="0.0000000000" y="0.0000000000" z="0.0000000000"/>
					<bool name="AutoPosition" value="true"/>
					<bool name="HitAuto" value="true"/>
					<bool name="NoCheckOba" value="false"/>
					<bool name="NoCheckEff" value="false"/>
					<classref name="Shape" type="1035932488">
						<string name="Name" value=""/>
						<f32 name="CheckAngle" value="0.0000000000"/>
						<f32 name="CheckRange" value="0.0000000000"/>
						<f32 name="CheckToward" value="0.0000000000"/>
						<bool name="AngleFlag" value="false"/>
						<bool name="TowardFlag" value="false"/>
						<vector3 name="Cone.mCenterPos" x="0.0000000000" y="-180.0000000000" z="0.0000000000"/>
						<f32 name="Cone.mHeight" value="270.0000000000"/>
						<f32 name="Cone.mTopRadius" value="220.0000000000"/>
						<f32 name="Cone.mBottomRadius" value="20.0000000000"/>
					</classref>
					<vector3 name="SetOffset" x="0.0000000000" y="0.0000000000" z="0.0000000000"/>
					<s16 name="ItemFlagNo" value="-1"/>
					<u16 name="ItemId" value="258"/>
					<s32 name="ItemNum" value="-1"/>
					<u16 name="SetType" value="4"/>
					<s16 name="SetLotNo" value="-1"/>
					<s16 name="SetNo" value="-1"/>
					<u8 name="EffType" value="0"/>
					<vector3 name="EffOffset" x="0.0000000000" y="0.0000000000" z="0.0000000000"/>
					<u8 name="LevelPower" value="0"/>
					<u8 name="LevelFireSpeed" value="0"/>
					<u8 name="LevelReloadSpeed" value="0"/>
					<u8 name="LevelBulletMax" value="0"/>
					<u8 name="LevelBulrRate" value="0"/>
					<u8 name="LevelCritical" value="0"/>
					<u8 name="LevelThrough" value="0"/>
					<u8 name="LevelRange" value="0"/>
					<u8 name="LevelScope" value="0"/>
				</class>
			</classref>
		</classref>
		<classref type="1637199632">
			<s32 name="mID" value="0"/>
			<string name="mInfoClass" value="cSetInfoItem"/>
			<string name="mUnitClass" value="uWp02"/>
			<classref name="mpInfo" type="381867577">
				<string name="mName" value=""/>
				<string name="mParentName" value=""/>
				<s32 name="mParentNo" value="0"/>
				<u32 name="mOrder" value="4"/>
				<vector3 name="mPosition" x="-2.0999999046" y="-3.9000000954" z="0.0000000000"/>
				<vector3 name="mAngle" x="0.0000000000" y="0.0000000000" z="-3.1415920258"/>
				<vector3 name="mScale" x="1.0000000000" y="1.0000000000" z="1.0000000000"/>
				<u32 name="PatternNo" value="0"/>
				<u32 name="mLife" value="4861511"/>
				<u32 name="mJumpInit" value="0"/>
				<class name="mItemSet" type="1492295384">
					<vector3 name="Pos" x="-2.0999999046" y="-3.9000000954" z="0.0000000000"/>
					<vector3 name="Ang" x="0.0000000000" y="0.0000000000" z="-3.1415920258"/>
					<bool name="AutoPosition" value="true"/>
					<bool name="HitAuto" value="true"/>
					<bool name="NoCheckOba" value="false"/>
					<bool name="NoCheckEff" value="false"/>
					<classref name="Shape" type="1035932488">
						<string name="Name" value=""/>
						<f32 name="CheckAngle" value="0.0000000000"/>
						<f32 name="CheckRange" value="0.0000000000"/>
						<f32 name="CheckToward" value="0.0000000000"/>
						<bool name="AngleFlag" value="false"/>
						<bool name="TowardFlag" value="false"/>
						<vector3 name="Cone.mCenterPos" x="0.0000000000" y="-180.0000000000" z="0.0000000000"/>
						<f32 name="Cone.mHeight" value="270.0000000000"/>
						<f32 name="Cone.mTopRadius" value="220.0000000000"/>
						<f32 name="Cone.mBottomRadius" value="20.0000000000"/>
					</classref>
					<vector3 name="SetOffset" x="0.0000000000" y="0.0000000000" z="0.0000000000"/>
					<s16 name="ItemFlagNo" value="-1"/>
					<u16 name="ItemId" value="258"/>
					<s32 name="ItemNum" value="-1"/>
					<u16 name="SetType" value="4"/>
					<s16 name="SetLotNo" value="-1"/>
					<s16 name="SetNo" value="-1"/>
					<u8 name="EffType" value="0"/>
					<vector3 name="EffOffset" x="0.0000000000" y="0.0000000000" z="0.0000000000"/>
					<u8 name="LevelPower" value="0"/>
					<u8 name="LevelFireSpeed" value="0"/>
					<u8 name="LevelReloadSpeed" value="0"/>
					<u8 name="LevelBulletMax" value="0"/>
					<u8 name="LevelBulrRate" value="0"/>
					<u8 name="LevelCritical" value="0"/>
					<u8 name="LevelThrough" value="0"/>
					<u8 name="LevelRange" value="0"/>
					<u8 name="LevelScope" value="0"/>
				</class>
			</classref>
		</classref>
	</array>
</class>
