<?xml version="1.0" encoding="utf-8"?>
<class name="XFS" type="355479284">
	<u32 name="mQuality" value="2"/>
	<array name="mSetInfos" type="classref" count="17">
		<classref type="1637199632">
			<s32 name="mID" value="0"/>
			<string name="mInfoClass" value="cSetInfoItem"/>
			<string name="mUnitClass" value="uIt0476"/>
			<classref name="mpInfo" type="381867577">
				<string name="mName" value=""/>
				<string name="mParentName" value=""/>
				<s32 name="mParentNo" value="1718377573"/>
				<u32 name="mOrder" value="4"/>
				<vector3 name="mPosition" x="0.0000000000" y="0.0000000000" z="0.0000000000"/>
				<vector3 name="mAngle" x="0.0000000000" y="0.0000000000" z="0.0000000000"/>
				<vector3 name="mScale" x="1.5000000000" y="1.5000000000" z="1.5000000000"/>
				<u32 name="PatternNo" value="0"/>
				<u32 name="mLife" value="4861223"/>
				<u32 name="mJumpInit" value="0"/>
				<class name="mItemSet" type="1492295384">
					<vector3 name="Pos" x="0.0000000000" y="0.0000000000" z="0.0000000000"/>
					<vector3 name="Ang" x="0.0000000000" y="0.0000000000" z="0.0000000000"/>
					<bool name="AutoPosition" value="true"/>
					<bool name="HitAuto" value="true"/>
					<bool name="NoCheckOba" value="false"/>
					<bool name="NoCheckEff" value="false"/>
					<classref name="Shape" type="1035932488">
						<string name="Name" value=""/>
						<f32 name="CheckAngle" value="0.0000000000"/>
						<f32 name="CheckRange" value="0.0000000000"/>
						<f32 name="CheckToward" value="0.0000000000"/>
						<bool name="AngleFlag" value="false"/>
						<bool name="TowardFlag" value="false"/>
						<vector3 name="Cone.mCenterPos" x="0.0000000000" y="-180.0000000000" z="0.0000000000"/>
						<f32 name="Cone.mHeight" value="270.0000000000"/>
						<f32 name="Cone.mTopRadius" value="220.0000000000"/>
						<f32 name="Cone.mBottomRadius" value="20.0000000000"/>
					</classref>
					<vector3 name="SetOffset" x="0.0000000000" y="0.0000000000" z="0.0000000000"/>
					<s16 name="ItemFlagNo" value="-1"/>
					<u16 name="ItemId" value="1142"/>
					<s32 name="ItemNum" value="-1"/>
					<u16 name="SetType" value="3"/>
					<s16 name="SetLotNo" value="40"/>
					<s16 name="SetNo" value="670"/>
					<u8 name="EffType" value="2"/>
					<vector3 name="EffOffset" x="0.0000000000" y="0.0000000000" z="0.0000000000"/>
					<u8 name="LevelPower" value="0"/>
					<u8 name="LevelFireSpeed" value="0"/>
					<u8 name="LevelReloadSpeed" value="0"/>
					<u8 name="LevelBulletMax" value="0"/>
					<u8 name="LevelBulrRate" value="0"/>
					<u8 name="LevelCritical" value="0"/>
					<u8 name="LevelThrough" value="0"/>
					<u8 name="LevelRange" value="0"/>
					<u8 name="LevelScope" value="0"/>
				</class>
			</classref>
		</classref>
		<classref type="1637199632">
			<s32 name="mID" value="0"/>
			<string name="mInfoClass" value="cSetInfoItem"/>
			<string name="mUnitClass" value="uIt0201"/>
			<classref name="mpInfo" type="381867577">
				<string name="mName" value=""/>
				<string name="mParentName" value=""/>
				<s32 name="mParentNo" value="-1"/>
				<u32 name="mOrder" value="4"/>
				<vector3 name="mPosition" x="18726.3574218750" y="241.8343811035" z="-100668.6015625000"/>
				<vector3 name="mAngle" x="-0.0000000000" y="-1.7104229927" z="0.0000000000"/>
				<vector3 name="mScale" x="1.0000000000" y="1.0000000000" z="1.0000000000"/>
				<u32 name="PatternNo" value="0"/>
				<u32 name="mLife" value="4861224"/>
				<u32 name="mJumpInit" value="0"/>
				<class name="mItemSet" type="1492295384">
					<vector3 name="Pos" x="18726.3574218750" y="241.8343811035" z="-100668.6015625000"/>
					<vector3 name="Ang" x="-0.0000000000" y="-1.7104229927" z="0.0000000000"/>
					<bool name="AutoPosition" value="true"/>
					<bool name="HitAuto" value="true"/>
					<bool name="NoCheckOba" value="false"/>
					<bool name="NoCheckEff" value="false"/>
					<classref name="Shape" type="1035932488">
						<string name="Name" value=""/>
						<f32 name="CheckAngle" value="0.0000000000"/>
						<f32 name="CheckRange" value="0.0000000000"/>
						<f32 name="CheckToward" value="0.0000000000"/>
						<bool name="AngleFlag" value="false"/>
						<bool name="TowardFlag" value="false"/>
						<vector3 name="Cone.mCenterPos" x="0.0000000000" y="-180.0000000000" z="0.0000000000"/>
						<f32 name="Cone.mHeight" value="270.0000000000"/>
						<f32 name="Cone.mTopRadius" value="220.0000000000"/>
						<f32 name="Cone.mBottomRadius" value="20.0000000000"/>
					</classref>
					<vector3 name="SetOffset" x="0.0000000000" y="0.0000000000" z="0.0000000000"/>
					<s16 name="ItemFlagNo" value="-1"/>
					<u16 name="ItemId" value="513"/>
					<s32 name="ItemNum" value="15"/>
					<u16 name="SetType" value="0"/>
					<s16 name="SetLotNo" value="-1"/>
					<s16 name="SetNo" value="-1"/>
					<u8 name="EffType" value="1"/>
					<vector3 name="EffOffset" x="0.0000000000" y="0.0000000000" z="0.0000000000"/>
					<u8 name="LevelPower" value="0"/>
					<u8 name="LevelFireSpeed" value="0"/>
					<u8 name="LevelReloadSpeed" value="0"/>
					<u8 name="LevelBulletMax" value="0"/>
					<u8 name="LevelBulrRate" value="0"/>
					<u8 name="LevelCritical" value="0"/>
					<u8 name="LevelThrough" value="0"/>
					<u8 name="LevelRange" value="0"/>
					<u8 name="LevelScope" value="0"/>
				</class>
			</classref>
		</classref>
		<classref type="1637199632">
			<s32 name="mID" value="0"/>
			<string name="mInfoClass" value="cSetInfoItem"/>
			<string name="mUnitClass" value="uIt0202"/>
			<classref name="mpInfo" type="381867577">
				<string name="mName" value=""/>
				<string name="mParentName" value=""/>
				<s32 name="mParentNo" value="-1"/>
				<u32 name="mOrder" value="4"/>
				<vector3 name="mPosition" x="18669.0234375000" y="239.4909820557" z="-100691.7421875000"/>
				<vector3 name="mAngle" x="-0.0000000000" y="0.0000000000" z="0.0000000000"/>
				<vector3 name="mScale" x="1.0000000000" y="1.0000000000" z="1.0000000000"/>
				<u32 name="PatternNo" value="0"/>
				<u32 name="mLife" value="4861225"/>
				<u32 name="mJumpInit" value="0"/>
				<class name="mItemSet" type="1492295384">
					<vector3 name="Pos" x="18669.0234375000" y="239.4909820557" z="-100691.7421875000"/>
					<vector3 name="Ang" x="-0.0000000000" y="0.0000000000" z="0.0000000000"/>
					<bool name="AutoPosition" value="true"/>
					<bool name="HitAuto" value="true"/>
					<bool name="NoCheckOba" value="false"/>
					<bool name="NoCheckEff" value="false"/>
					<classref name="Shape" type="1035932488">
						<string name="Name" value=""/>
						<f32 name="CheckAngle" value="0.0000000000"/>
						<f32 name="CheckRange" value="0.0000000000"/>
						<f32 name="CheckToward" value="0.0000000000"/>
						<bool name="AngleFlag" value="false"/>
						<bool name="TowardFlag" value="false"/>
						<vector3 name="Cone.mCenterPos" x="0.0000000000" y="-180.0000000000" z="0.0000000000"/>
						<f32 name="Cone.mHeight" value="270.0000000000"/>
						<f32 name="Cone.mTopRadius" value="220.0000000000"/>
						<f32 name="Cone.mBottomRadius" value="20.0000000000"/>
					</classref>
					<vector3 name="SetOffset" x="0.0000000000" y="0.0000000000" z="0.0000000000"/>
					<s16 name="ItemFlagNo" value="-1"/>
					<u16 name="ItemId" value="514"/>
					<s32 name="ItemNum" value="50"/>
					<u16 name="SetType" value="0"/>
					<s16 name="SetLotNo" value="-1"/>
					<s16 name="SetNo" value="-1"/>
					<u8 name="EffType" value="1"/>
					<vector3 name="EffOffset" x="0.0000000000" y="0.0000000000" z="0.0000000000"/>
					<u8 name="LevelPower" value="0"/>
					<u8 name="LevelFireSpeed" value="0"/>
					<u8 name="LevelReloadSpeed" value="0"/>
					<u8 name="LevelBulletMax" value="0"/>
					<u8 name="LevelBulrRate" value="0"/>
					<u8 name="LevelCritical" value="0"/>
					<u8 name="LevelThrough" value="0"/>
					<u8 name="LevelRange" value="0"/>
					<u8 name="LevelScope" value="0"/>
				</class>
			</classref>
		</classref>
		<classref type="1637199632">
			<s32 name="mID" value="0"/>
			<string name="mInfoClass" value="cSetInfoItem"/>
			<string name="mUnitClass" value="uIt0304"/>
			<classref name="mpInfo" type="381867577">
				<string name="mName" value=""/>
				<string name="mParentName" value=""/>
				<s32 name="mParentNo" value="-1"/>
				<u32 name="mOrder" value="4"/>
				<vector3 name="mPosition" x="18533.6523437500" y="244.1004028320" z="-100781.1796875000"/>
				<vector3 name="mAngle" x="-1.5707960129" y="0.0000000000" z="-1.7453299761"/>
				<vector3 name="mScale" x="1.0000000000" y="1.0000000000" z="1.0000000000"/>
				<u32 name="PatternNo" value="0"/>
				<u32 name="mLife" value="4861226"/>
				<u32 name="mJumpInit" value="0"/>
				<class name="mItemSet" type="1492295384">
					<vector3 name="Pos" x="18533.6523437500" y="244.1004028320" z="-100781.1796875000"/>
					<vector3 name="Ang" x="-1.5707960129" y="0.0000000000" z="-1.7453299761"/>
					<bool name="AutoPosition" value="true"/>
					<bool name="HitAuto" value="true"/>
					<bool name="NoCheckOba" value="false"/>
					<bool name="NoCheckEff" value="false"/>
					<classref name="Shape" type="1035932488">
						<string name="Name" value=""/>
						<f32 name="CheckAngle" value="0.0000000000"/>
						<f32 name="CheckRange" value="0.0000000000"/>
						<f32 name="CheckToward" value="0.0000000000"/>
						<bool name="AngleFlag" value="false"/>
						<bool name="TowardFlag" value="false"/>
						<vector3 name="Cone.mCenterPos" x="0.0000000000" y="-180.0000000000" z="0.0000000000"/>
						<f32 name="Cone.mHeight" value="270.0000000000"/>
						<f32 name="Cone.mTopRadius" value="220.0000000000"/>
						<f32 name="Cone.mBottomRadius" value="20.0000000000"/>
					</classref>
					<vector3 name="SetOffset" x="0.0000000000" y="0.0000000000" z="0.0000000000"/>
					<s16 name="ItemFlagNo" value="-1"/>
					<u16 name="ItemId" value="772"/>
					<s32 name="ItemNum" value="-1"/>
					<u16 name="SetType" value="0"/>
					<s16 name="SetLotNo" value="-1"/>
					<s16 name="SetNo" value="-1"/>
					<u8 name="EffType" value="1"/>
					<vector3 name="EffOffset" x="0.0000000000" y="0.0000000000" z="0.0000000000"/>
					<u8 name="LevelPower" value="0"/>
					<u8 name="LevelFireSpeed" value="0"/>
					<u8 name="LevelReloadSpeed" value="0"/>
					<u8 name="LevelBulletMax" value="0"/>
					<u8 name="LevelBulrRate" value="0"/>
					<u8 name="LevelCritical" value="0"/>
					<u8 name="LevelThrough" value="0"/>
					<u8 name="LevelRange" value="0"/>
					<u8 name="LevelScope" value="0"/>
				</class>
			</classref>
		</classref>
		<classref type="1637199632">
			<s32 name="mID" value="0"/>
			<string name="mInfoClass" value="cSetInfoItem"/>
			<string name="mUnitClass" value="uIt0203"/>
			<classref name="mpInfo" type="381867577">
				<string name="mName" value=""/>
				<string name="mParentName" value=""/>
				<s32 name="mParentNo" value="-1"/>
				<u32 name="mOrder" value="4"/>
				<vector3 name="mPosition" x="18598.5566406250" y="245.2809295654" z="-100722.1250000000"/>
				<vector3 name="mAngle" x="0.0000000000" y="0.0000000000" z="0.0000000000"/>
				<vector3 name="mScale" x="1.0000000000" y="1.0000000000" z="1.0000000000"/>
				<u32 name="PatternNo" value="0"/>
				<u32 name="mLife" value="4861227"/>
				<u32 name="mJumpInit" value="0"/>
				<class name="mItemSet" type="1492295384">
					<vector3 name="Pos" x="18598.5566406250" y="245.2809295654" z="-100722.1250000000"/>
					<vector3 name="Ang" x="0.0000000000" y="0.0000000000" z="0.0000000000"/>
					<bool name="AutoPosition" value="true"/>
					<bool name="HitAuto" value="true"/>
					<bool name="NoCheckOba" value="false"/>
					<bool name="NoCheckEff" value="true"/>
					<classref name="Shape" type="1035932488">
						<string name="Name" value=""/>
						<f32 name="CheckAngle" value="0.0000000000"/>
						<f32 name="CheckRange" value="0.0000000000"/>
						<f32 name="CheckToward" value="0.0000000000"/>
						<bool name="AngleFlag" value="false"/>
						<bool name="TowardFlag" value="false"/>
						<vector3 name="Cone.mCenterPos" x="0.0000000000" y="-180.0000000000" z="0.0000000000"/>
						<f32 name="Cone.mHeight" value="270.0000000000"/>
						<f32 name="Cone.mTopRadius" value="220.0000000000"/>
						<f32 name="Cone.mBottomRadius" value="20.0000000000"/>
					</classref>
					<vector3 name="SetOffset" x="0.0000000000" y="0.0000000000" z="0.0000000000"/>
					<s16 name="ItemFlagNo" value="-1"/>
					<u16 name="ItemId" value="515"/>
					<s32 name="ItemNum" value="10"/>
					<u16 name="SetType" value="0"/>
					<s16 name="SetLotNo" value="-1"/>
					<s16 name="SetNo" value="-1"/>
					<u8 name="EffType" value="1"/>
					<vector3 name="EffOffset" x="0.0000000000" y="0.0000000000" z="0.0000000000"/>
					<u8 name="LevelPower" value="0"/>
					<u8 name="LevelFireSpeed" value="0"/>
					<u8 name="LevelReloadSpeed" value="0"/>
					<u8 name="LevelBulletMax" value="0"/>
					<u8 name="LevelBulrRate" value="0"/>
					<u8 name="LevelCritical" value="0"/>
					<u8 name="LevelThrough" value="0"/>
					<u8 name="LevelRange" value="0"/>
					<u8 name="LevelScope" value="0"/>
				</class>
			</classref>
		</classref>
		<classref type="1637199632">
			<s32 name="mID" value="0"/>
			<string name="mInfoClass" value="cSetInfoItem"/>
			<string name="mUnitClass" value="uWp16"/>
			<classref name="mpInfo" type="381867577">
				<string name="mName" value=""/>
				<string name="mParentName" value=""/>
				<s32 name="mParentNo" value="-2107909764"/>
				<u32 name="mOrder" value="4"/>
				<vector3 name="mPosition" x="18984.2382812500" y="250.8881683350" z="-100488.5156250000"/>
				<vector3 name="mAngle" x="0.0000000000" y="-0.4861280024" z="0.0000000000"/>
				<vector3 name="mScale" x="1.0000000000" y="1.0000000000" z="1.0000000000"/>
				<u32 name="PatternNo" value="0"/>
				<u32 name="mLife" value="4861228"/>
				<u32 name="mJumpInit" value="0"/>
				<class name="mItemSet" type="1492295384">
					<vector3 name="Pos" x="18984.2382812500" y="250.8881683350" z="-100488.5156250000"/>
					<vector3 name="Ang" x="0.0000000000" y="-0.4861280024" z="0.0000000000"/>
					<bool name="AutoPosition" value="false"/>
					<bool name="HitAuto" value="true"/>
					<bool name="NoCheckOba" value="false"/>
					<bool name="NoCheckEff" value="false"/>
					<classref name="Shape" type="1035932488">
						<string name="Name" value=""/>
						<f32 name="CheckAngle" value="0.0000000000"/>
						<f32 name="CheckRange" value="0.0000000000"/>
						<f32 name="CheckToward" value="0.0000000000"/>
						<bool name="AngleFlag" value="false"/>
						<bool name="TowardFlag" value="false"/>
						<vector3 name="Cone.mCenterPos" x="0.0000000000" y="-180.0000000000" z="0.0000000000"/>
						<f32 name="Cone.mHeight" value="270.0000000000"/>
						<f32 name="Cone.mTopRadius" value="220.0000000000"/>
						<f32 name="Cone.mBottomRadius" value="20.0000000000"/>
					</classref>
					<vector3 name="SetOffset" x="0.0000000000" y="0.0000000000" z="0.0000000000"/>
					<s16 name="ItemFlagNo" value="-1"/>
					<u16 name="ItemId" value="278"/>
					<s32 name="ItemNum" value="-1"/>
					<u16 name="SetType" value="3"/>
					<s16 name="SetLotNo" value="40"/>
					<s16 name="SetNo" value="705"/>
					<u8 name="EffType" value="1"/>
					<vector3 name="EffOffset" x="0.0000000000" y="0.0000000000" z="0.0000000000"/>
					<u8 name="LevelPower" value="0"/>
					<u8 name="LevelFireSpeed" value="0"/>
					<u8 name="LevelReloadSpeed" value="0"/>
					<u8 name="LevelBulletMax" value="0"/>
					<u8 name="LevelBulrRate" value="0"/>
					<u8 name="LevelCritical" value="0"/>
					<u8 name="LevelThrough" value="0"/>
					<u8 name="LevelRange" value="0"/>
					<u8 name="LevelScope" value="0"/>
				</class>
			</classref>
		</classref>
		<classref type="1637199632">
			<s32 name="mID" value="0"/>
			<string name="mInfoClass" value="cSetInfoItem"/>
			<string name="mUnitClass" value="uIt0452"/>
			<classref name="mpInfo" type="381867577">
				<string name="mName" value=""/>
				<string name="mParentName" value=""/>
				<s32 name="mParentNo" value="808737907"/>
				<u32 name="mOrder" value="4"/>
				<vector3 name="mPosition" x="20001.7734375000" y="148.0359497070" z="-103249.3593750000"/>
				<vector3 name="mAngle" x="0.0000000000" y="3.1117780209" z="0.0000000000"/>
				<vector3 name="mScale" x="1.5000000000" y="1.5000000000" z="1.5000000000"/>
				<u32 name="PatternNo" value="0"/>
				<u32 name="mLife" value="4861229"/>
				<u32 name="mJumpInit" value="0"/>
				<class name="mItemSet" type="1492295384">
					<vector3 name="Pos" x="20001.7734375000" y="148.0359497070" z="-103249.3593750000"/>
					<vector3 name="Ang" x="0.0000000000" y="3.1117780209" z="0.0000000000"/>
					<bool name="AutoPosition" value="true"/>
					<bool name="HitAuto" value="true"/>
					<bool name="NoCheckOba" value="false"/>
					<bool name="NoCheckEff" value="false"/>
					<classref name="Shape" type="1035932488">
						<string name="Name" value=""/>
						<f32 name="CheckAngle" value="0.0000000000"/>
						<f32 name="CheckRange" value="0.0000000000"/>
						<f32 name="CheckToward" value="0.0000000000"/>
						<bool name="AngleFlag" value="false"/>
						<bool name="TowardFlag" value="false"/>
						<vector3 name="Cone.mCenterPos" x="0.0000000000" y="-180.0000000000" z="0.0000000000"/>
						<f32 name="Cone.mHeight" value="270.0000000000"/>
						<f32 name="Cone.mTopRadius" value="220.0000000000"/>
						<f32 name="Cone.mBottomRadius" value="20.0000000000"/>
					</classref>
					<vector3 name="SetOffset" x="0.0000000000" y="0.0000000000" z="0.0000000000"/>
					<s16 name="ItemFlagNo" value="-1"/>
					<u16 name="ItemId" value="1106"/>
					<s32 name="ItemNum" value="-1"/>
					<u16 name="SetType" value="0"/>
					<s16 name="SetLotNo" value="-1"/>
					<s16 name="SetNo" value="-1"/>
					<u8 name="EffType" value="9"/>
					<vector3 name="EffOffset" x="0.0000000000" y="0.0000000000" z="0.0000000000"/>
					<u8 name="LevelPower" value="0"/>
					<u8 name="LevelFireSpeed" value="0"/>
					<u8 name="LevelReloadSpeed" value="0"/>
					<u8 name="LevelBulletMax" value="0"/>
					<u8 name="LevelBulrRate" value="0"/>
					<u8 name="LevelCritical" value="0"/>
					<u8 name="LevelThrough" value="0"/>
					<u8 name="LevelRange" value="0"/>
					<u8 name="LevelScope" value="0"/>
				</class>
			</classref>
		</classref>
		<classref type="1637199632">
			<s32 name="mID" value="0"/>
			<string name="mInfoClass" value="cSetInfoItem"/>
			<string name="mUnitClass" value="uIt0301"/>
			<classref name="mpInfo" type="381867577">
				<string name="mName" value=""/>
				<string name="mParentName" value=""/>
				<s32 name="mParentNo" value="1718377583"/>
				<u32 name="mOrder" value="4"/>
				<vector3 name="mPosition" x="16435.5605468750" y="117.0297851563" z="-104273.5937500000"/>
				<vector3 name="mAngle" x="0.0000000000" y="0.0000000000" z="0.0000000000"/>
				<vector3 name="mScale" x="1.0000000000" y="1.0000000000" z="1.0000000000"/>
				<u32 name="PatternNo" value="0"/>
				<u32 name="mLife" value="4861230"/>
				<u32 name="mJumpInit" value="0"/>
				<class name="mItemSet" type="1492295384">
					<vector3 name="Pos" x="16435.5605468750" y="117.0297851563" z="-104273.5937500000"/>
					<vector3 name="Ang" x="0.0000000000" y="0.0000000000" z="0.0000000000"/>
					<bool name="AutoPosition" value="true"/>
					<bool name="HitAuto" value="true"/>
					<bool name="NoCheckOba" value="false"/>
					<bool name="NoCheckEff" value="false"/>
					<classref name="Shape" type="1035932488">
						<string name="Name" value=""/>
						<f32 name="CheckAngle" value="0.0000000000"/>
						<f32 name="CheckRange" value="0.0000000000"/>
						<f32 name="CheckToward" value="0.0000000000"/>
						<bool name="AngleFlag" value="false"/>
						<bool name="TowardFlag" value="false"/>
						<vector3 name="Cone.mCenterPos" x="0.0000000000" y="-180.0000000000" z="0.0000000000"/>
						<f32 name="Cone.mHeight" value="270.0000000000"/>
						<f32 name="Cone.mTopRadius" value="220.0000000000"/>
						<f32 name="Cone.mBottomRadius" value="20.0000000000"/>
					</classref>
					<vector3 name="SetOffset" x="0.0000000000" y="0.0000000000" z="0.0000000000"/>
					<s16 name="ItemFlagNo" value="-1"/>
					<u16 name="ItemId" value="769"/>
					<s32 name="ItemNum" value="-1"/>
					<u16 name="SetType" value="0"/>
					<s16 name="SetLotNo" value="-1"/>
					<s16 name="SetNo" value="-1"/>
					<u8 name="EffType" value="1"/>
					<vector3 name="EffOffset" x="0.0000000000" y="0.0000000000" z="0.0000000000"/>
					<u8 name="LevelPower" value="0"/>
					<u8 name="LevelFireSpeed" value="0"/>
					<u8 name="LevelReloadSpeed" value="0"/>
					<u8 name="LevelBulletMax" value="0"/>
					<u8 name="LevelBulrRate" value="0"/>
					<u8 name="LevelCritical" value="0"/>
					<u8 name="LevelThrough" value="0"/>
					<u8 name="LevelRange" value="0"/>
					<u8 name="LevelScope" value="0"/>
				</class>
			</classref>
		</classref>
		<classref type="1637199632">
			<s32 name="mID" value="0"/>
			<string name="mInfoClass" value="cSetInfoItem"/>
			<string name="mUnitClass" value="uIt0301"/>
			<classref name="mpInfo" type="381867577">
				<string name="mName" value=""/>
				<string name="mParentName" value=""/>
				<s32 name="mParentNo" value="0"/>
				<u32 name="mOrder" value="4"/>
				<vector3 name="mPosition" x="13846.0351562500" y="588.7067871094" z="-104980.4453125000"/>
				<vector3 name="mAngle" x="0.0000000000" y="0.0000000000" z="0.0000000000"/>
				<vector3 name="mScale" x="1.0000000000" y="1.0000000000" z="1.0000000000"/>
				<u32 name="PatternNo" value="0"/>
				<u32 name="mLife" value="4861231"/>
				<u32 name="mJumpInit" value="0"/>
				<class name="mItemSet" type="1492295384">
					<vector3 name="Pos" x="13846.0351562500" y="588.7067871094" z="-104980.4453125000"/>
					<vector3 name="Ang" x="0.0000000000" y="0.0000000000" z="0.0000000000"/>
					<bool name="AutoPosition" value="true"/>
					<bool name="HitAuto" value="true"/>
					<bool name="NoCheckOba" value="false"/>
					<bool name="NoCheckEff" value="false"/>
					<classref name="Shape" type="1035932488">
						<string name="Name" value=""/>
						<f32 name="CheckAngle" value="0.0000000000"/>
						<f32 name="CheckRange" value="0.0000000000"/>
						<f32 name="CheckToward" value="0.0000000000"/>
						<bool name="AngleFlag" value="false"/>
						<bool name="TowardFlag" value="false"/>
						<vector3 name="Cone.mCenterPos" x="0.0000000000" y="-180.0000000000" z="0.0000000000"/>
						<f32 name="Cone.mHeight" value="270.0000000000"/>
						<f32 name="Cone.mTopRadius" value="220.0000000000"/>
						<f32 name="Cone.mBottomRadius" value="20.0000000000"/>
					</classref>
					<vector3 name="SetOffset" x="0.0000000000" y="0.0000000000" z="0.0000000000"/>
					<s16 name="ItemFlagNo" value="-1"/>
					<u16 name="ItemId" value="769"/>
					<s32 name="ItemNum" value="-1"/>
					<u16 name="SetType" value="0"/>
					<s16 name="SetLotNo" value="-1"/>
					<s16 name="SetNo" value="-1"/>
					<u8 name="EffType" value="1"/>
					<vector3 name="EffOffset" x="0.0000000000" y="0.0000000000" z="0.0000000000"/>
					<u8 name="LevelPower" value="0"/>
					<u8 name="LevelFireSpeed" value="0"/>
					<u8 name="LevelReloadSpeed" value="0"/>
					<u8 name="LevelBulletMax" value="0"/>
					<u8 name="LevelBulrRate" value="0"/>
					<u8 name="LevelCritical" value="0"/>
					<u8 name="LevelThrough" value="0"/>
					<u8 name="LevelRange" value="0"/>
					<u8 name="LevelScope" value="0"/>
				</class>
			</classref>
		</classref>
		<classref type="1637199632">
			<s32 name="mID" value="0"/>
			<string name="mInfoClass" value="cSetInfoItem"/>
			<string name="mUnitClass" value="uIt0302"/>
			<classref name="mpInfo" type="381867577">
				<string name="mName" value=""/>
				<string name="mParentName" value=""/>
				<s32 name="mParentNo" value="-1"/>
				<u32 name="mOrder" value="4"/>
				<vector3 name="mPosition" x="16901.3105468750" y="117.0350341797" z="-104764.2343750000"/>
				<vector3 name="mAngle" x="0.0000000000" y="0.0000000000" z="0.0000000000"/>
				<vector3 name="mScale" x="1.0000000000" y="1.0000000000" z="1.0000000000"/>
				<u32 name="PatternNo" value="0"/>
				<u32 name="mLife" value="4861232"/>
				<u32 name="mJumpInit" value="0"/>
				<class name="mItemSet" type="1492295384">
					<vector3 name="Pos" x="16901.3105468750" y="117.0350341797" z="-104764.2343750000"/>
					<vector3 name="Ang" x="0.0000000000" y="0.0000000000" z="0.0000000000"/>
					<bool name="AutoPosition" value="true"/>
					<bool name="HitAuto" value="true"/>
					<bool name="NoCheckOba" value="false"/>
					<bool name="NoCheckEff" value="false"/>
					<classref name="Shape" type="1035932488">
						<string name="Name" value=""/>
						<f32 name="CheckAngle" value="0.0000000000"/>
						<f32 name="CheckRange" value="0.0000000000"/>
						<f32 name="CheckToward" value="0.0000000000"/>
						<bool name="AngleFlag" value="false"/>
						<bool name="TowardFlag" value="false"/>
						<vector3 name="Cone.mCenterPos" x="0.0000000000" y="-180.0000000000" z="0.0000000000"/>
						<f32 name="Cone.mHeight" value="270.0000000000"/>
						<f32 name="Cone.mTopRadius" value="220.0000000000"/>
						<f32 name="Cone.mBottomRadius" value="20.0000000000"/>
					</classref>
					<vector3 name="SetOffset" x="0.0000000000" y="0.0000000000" z="0.0000000000"/>
					<s16 name="ItemFlagNo" value="-1"/>
					<u16 name="ItemId" value="770"/>
					<s32 name="ItemNum" value="-1"/>
					<u16 name="SetType" value="0"/>
					<s16 name="SetLotNo" value="-1"/>
					<s16 name="SetNo" value="-1"/>
					<u8 name="EffType" value="1"/>
					<vector3 name="EffOffset" x="0.0000000000" y="0.0000000000" z="0.0000000000"/>
					<u8 name="LevelPower" value="0"/>
					<u8 name="LevelFireSpeed" value="0"/>
					<u8 name="LevelReloadSpeed" value="0"/>
					<u8 name="LevelBulletMax" value="0"/>
					<u8 name="LevelBulrRate" value="0"/>
					<u8 name="LevelCritical" value="0"/>
					<u8 name="LevelThrough" value="0"/>
					<u8 name="LevelRange" value="0"/>
					<u8 name="LevelScope" value="0"/>
				</class>
			</classref>
		</classref>
		<classref type="1637199632">
			<s32 name="mID" value="0"/>
			<string name="mInfoClass" value="cSetInfoItem"/>
			<string name="mUnitClass" value="uIt0201"/>
			<classref name="mpInfo" type="381867577">
				<string name="mName" value=""/>
				<string name="mParentName" value=""/>
				<s32 name="mParentNo" value="-1"/>
				<u32 name="mOrder" value="4"/>
				<vector3 name="mPosition" x="15597.6347656250" y="149.6279449463" z="-105042.6953125000"/>
				<vector3 name="mAngle" x="0.0000000000" y="-0.4522199929" z="0.0000000000"/>
				<vector3 name="mScale" x="1.0000000000" y="1.0000000000" z="1.0000000000"/>
				<u32 name="PatternNo" value="0"/>
				<u32 name="mLife" value="4861233"/>
				<u32 name="mJumpInit" value="0"/>
				<class name="mItemSet" type="1492295384">
					<vector3 name="Pos" x="15597.6347656250" y="149.6279449463" z="-105042.6953125000"/>
					<vector3 name="Ang" x="0.0000000000" y="-0.4522199929" z="0.0000000000"/>
					<bool name="AutoPosition" value="true"/>
					<bool name="HitAuto" value="true"/>
					<bool name="NoCheckOba" value="false"/>
					<bool name="NoCheckEff" value="false"/>
					<classref name="Shape" type="1035932488">
						<string name="Name" value=""/>
						<f32 name="CheckAngle" value="0.0000000000"/>
						<f32 name="CheckRange" value="0.0000000000"/>
						<f32 name="CheckToward" value="0.0000000000"/>
						<bool name="AngleFlag" value="false"/>
						<bool name="TowardFlag" value="false"/>
						<vector3 name="Cone.mCenterPos" x="0.0000000000" y="-180.0000000000" z="0.0000000000"/>
						<f32 name="Cone.mHeight" value="270.0000000000"/>
						<f32 name="Cone.mTopRadius" value="220.0000000000"/>
						<f32 name="Cone.mBottomRadius" value="20.0000000000"/>
					</classref>
					<vector3 name="SetOffset" x="0.0000000000" y="0.0000000000" z="0.0000000000"/>
					<s16 name="ItemFlagNo" value="-1"/>
					<u16 name="ItemId" value="513"/>
					<s32 name="ItemNum" value="15"/>
					<u16 name="SetType" value="0"/>
					<s16 name="SetLotNo" value="-1"/>
					<s16 name="SetNo" value="-1"/>
					<u8 name="EffType" value="1"/>
					<vector3 name="EffOffset" x="0.0000000000" y="0.0000000000" z="0.0000000000"/>
					<u8 name="LevelPower" value="0"/>
					<u8 name="LevelFireSpeed" value="0"/>
					<u8 name="LevelReloadSpeed" value="0"/>
					<u8 name="LevelBulletMax" value="0"/>
					<u8 name="LevelBulrRate" value="0"/>
					<u8 name="LevelCritical" value="0"/>
					<u8 name="LevelThrough" value="0"/>
					<u8 name="LevelRange" value="0"/>
					<u8 name="LevelScope" value="0"/>
				</class>
			</classref>
		</classref>
		<classref type="1637199632">
			<s32 name="mID" value="0"/>
			<string name="mInfoClass" value="cSetInfoItem"/>
			<string name="mUnitClass" value="uIt0204"/>
			<classref name="mpInfo" type="381867577">
				<string name="mName" value=""/>
				<string name="mParentName" value=""/>
				<s32 name="mParentNo" value="1718377583"/>
				<u32 name="mOrder" value="4"/>
				<vector3 name="mPosition" x="15964.9990234375" y="227.4370574951" z="-103744.8906250000"/>
				<vector3 name="mAngle" x="0.0000000000" y="0.0000000000" z="0.0000000000"/>
				<vector3 name="mScale" x="1.0000000000" y="1.0000000000" z="1.0000000000"/>
				<u32 name="PatternNo" value="0"/>
				<u32 name="mLife" value="4861234"/>
				<u32 name="mJumpInit" value="0"/>
				<class name="mItemSet" type="1492295384">
					<vector3 name="Pos" x="15964.9990234375" y="227.4370574951" z="-103744.8906250000"/>
					<vector3 name="Ang" x="0.0000000000" y="0.0000000000" z="0.0000000000"/>
					<bool name="AutoPosition" value="true"/>
					<bool name="HitAuto" value="true"/>
					<bool name="NoCheckOba" value="false"/>
					<bool name="NoCheckEff" value="true"/>
					<classref name="Shape" type="1035932488">
						<string name="Name" value=""/>
						<f32 name="CheckAngle" value="0.0000000000"/>
						<f32 name="CheckRange" value="0.0000000000"/>
						<f32 name="CheckToward" value="0.0000000000"/>
						<bool name="AngleFlag" value="false"/>
						<bool name="TowardFlag" value="false"/>
						<vector3 name="Cone.mCenterPos" x="0.0000000000" y="-180.0000000000" z="0.0000000000"/>
						<f32 name="Cone.mHeight" value="270.0000000000"/>
						<f32 name="Cone.mTopRadius" value="220.0000000000"/>
						<f32 name="Cone.mBottomRadius" value="20.0000000000"/>
					</classref>
					<vector3 name="SetOffset" x="0.0000000000" y="0.0000000000" z="0.0000000000"/>
					<s16 name="ItemFlagNo" value="-1"/>
					<u16 name="ItemId" value="516"/>
					<s32 name="ItemNum" value="10"/>
					<u16 name="SetType" value="0"/>
					<s16 name="SetLotNo" value="-1"/>
					<s16 name="SetNo" value="-1"/>
					<u8 name="EffType" value="1"/>
					<vector3 name="EffOffset" x="0.0000000000" y="0.0000000000" z="0.0000000000"/>
					<u8 name="LevelPower" value="0"/>
					<u8 name="LevelFireSpeed" value="0"/>
					<u8 name="LevelReloadSpeed" value="0"/>
					<u8 name="LevelBulletMax" value="0"/>
					<u8 name="LevelBulrRate" value="0"/>
					<u8 name="LevelCritical" value="0"/>
					<u8 name="LevelThrough" value="0"/>
					<u8 name="LevelRange" value="0"/>
					<u8 name="LevelScope" value="0"/>
				</class>
			</classref>
		</classref>
		<classref type="1637199632">
			<s32 name="mID" value="0"/>
			<string name="mInfoClass" value="cSetInfoItem"/>
			<string name="mUnitClass" value="uIt0209"/>
			<classref name="mpInfo" type="381867577">
				<string name="mName" value=""/>
				<string name="mParentName" value=""/>
				<s32 name="mParentNo" value="0"/>
				<u32 name="mOrder" value="4"/>
				<vector3 name="mPosition" x="19520.6855468750" y="146.3999023438" z="-103507.4531250000"/>
				<vector3 name="mAngle" x="0.0000000000" y="0.0000000000" z="0.0000000000"/>
				<vector3 name="mScale" x="1.0000000000" y="1.0000000000" z="1.0000000000"/>
				<u32 name="PatternNo" value="0"/>
				<u32 name="mLife" value="4861235"/>
				<u32 name="mJumpInit" value="0"/>
				<class name="mItemSet" type="1492295384">
					<vector3 name="Pos" x="19520.6855468750" y="146.3999023438" z="-103507.4531250000"/>
					<vector3 name="Ang" x="0.0000000000" y="0.0000000000" z="0.0000000000"/>
					<bool name="AutoPosition" value="false"/>
					<bool name="HitAuto" value="true"/>
					<bool name="NoCheckOba" value="false"/>
					<bool name="NoCheckEff" value="false"/>
					<classref name="Shape" type="1035932488">
						<string name="Name" value=""/>
						<f32 name="CheckAngle" value="0.0000000000"/>
						<f32 name="CheckRange" value="0.0000000000"/>
						<f32 name="CheckToward" value="0.0000000000"/>
						<bool name="AngleFlag" value="false"/>
						<bool name="TowardFlag" value="false"/>
						<vector3 name="Cone.mCenterPos" x="0.0000000000" y="-180.0000000000" z="0.0000000000"/>
						<f32 name="Cone.mHeight" value="270.0000000000"/>
						<f32 name="Cone.mTopRadius" value="220.0000000000"/>
						<f32 name="Cone.mBottomRadius" value="20.0000000000"/>
					</classref>
					<vector3 name="SetOffset" x="0.0000000000" y="0.0000000000" z="0.0000000000"/>
					<s16 name="ItemFlagNo" value="-1"/>
					<u16 name="ItemId" value="521"/>
					<s32 name="ItemNum" value="-1"/>
					<u16 name="SetType" value="2"/>
					<s16 name="SetLotNo" value="40"/>
					<s16 name="SetNo" value="562"/>
					<u8 name="EffType" value="0"/>
					<vector3 name="EffOffset" x="0.0000000000" y="0.0000000000" z="0.0000000000"/>
					<u8 name="LevelPower" value="0"/>
					<u8 name="LevelFireSpeed" value="0"/>
					<u8 name="LevelReloadSpeed" value="0"/>
					<u8 name="LevelBulletMax" value="0"/>
					<u8 name="LevelBulrRate" value="0"/>
					<u8 name="LevelCritical" value="0"/>
					<u8 name="LevelThrough" value="0"/>
					<u8 name="LevelRange" value="0"/>
					<u8 name="LevelScope" value="0"/>
				</class>
			</classref>
		</classref>
		<classref type="1637199632">
			<s32 name="mID" value="0"/>
			<string name="mInfoClass" value="cSetInfoItem"/>
			<string name="mUnitClass" value="uIt0202"/>
			<classref name="mpInfo" type="381867577">
				<string name="mName" value=""/>
				<string name="mParentName" value=""/>
				<s32 name="mParentNo" value="0"/>
				<u32 name="mOrder" value="4"/>
				<vector3 name="mPosition" x="16024.2734375000" y="333.3320922852" z="-106889.8046875000"/>
				<vector3 name="mAngle" x="0.0000000000" y="-1.3126959801" z="0.0000000000"/>
				<vector3 name="mScale" x="1.0000000000" y="1.0000000000" z="1.0000000000"/>
				<u32 name="PatternNo" value="0"/>
				<u32 name="mLife" value="4861236"/>
				<u32 name="mJumpInit" value="0"/>
				<class name="mItemSet" type="1492295384">
					<vector3 name="Pos" x="16024.2734375000" y="333.3320922852" z="-106889.8046875000"/>
					<vector3 name="Ang" x="0.0000000000" y="-1.3126959801" z="0.0000000000"/>
					<bool name="AutoPosition" value="true"/>
					<bool name="HitAuto" value="true"/>
					<bool name="NoCheckOba" value="false"/>
					<bool name="NoCheckEff" value="false"/>
					<classref name="Shape" type="1035932488">
						<string name="Name" value=""/>
						<f32 name="CheckAngle" value="0.0000000000"/>
						<f32 name="CheckRange" value="0.0000000000"/>
						<f32 name="CheckToward" value="0.0000000000"/>
						<bool name="AngleFlag" value="false"/>
						<bool name="TowardFlag" value="false"/>
						<vector3 name="Cone.mCenterPos" x="0.0000000000" y="-180.0000000000" z="0.0000000000"/>
						<f32 name="Cone.mHeight" value="270.0000000000"/>
						<f32 name="Cone.mTopRadius" value="220.0000000000"/>
						<f32 name="Cone.mBottomRadius" value="20.0000000000"/>
					</classref>
					<vector3 name="SetOffset" x="0.0000000000" y="0.0000000000" z="0.0000000000"/>
					<s16 name="ItemFlagNo" value="-1"/>
					<u16 name="ItemId" value="514"/>
					<s32 name="ItemNum" value="50"/>
					<u16 name="SetType" value="0"/>
					<s16 name="SetLotNo" value="-1"/>
					<s16 name="SetNo" value="-1"/>
					<u8 name="EffType" value="1"/>
					<vector3 name="EffOffset" x="0.0000000000" y="0.0000000000" z="0.0000000000"/>
					<u8 name="LevelPower" value="0"/>
					<u8 name="LevelFireSpeed" value="0"/>
					<u8 name="LevelReloadSpeed" value="0"/>
					<u8 name="LevelBulletMax" value="0"/>
					<u8 name="LevelBulrRate" value="0"/>
					<u8 name="LevelCritical" value="0"/>
					<u8 name="LevelThrough" value="0"/>
					<u8 name="LevelRange" value="0"/>
					<u8 name="LevelScope" value="0"/>
				</class>
			</classref>
		</classref>
		<classref type="1637199632">
			<s32 name="mID" value="0"/>
			<string name="mInfoClass" value="cSetInfoItem"/>
			<string name="mUnitClass" value="uIt0203"/>
			<classref name="mpInfo" type="381867577">
				<string name="mName" value=""/>
				<string name="mParentName" value=""/>
				<s32 name="mParentNo" value="0"/>
				<u32 name="mOrder" value="4"/>
				<vector3 name="mPosition" x="14198.3955078125" y="359.6471862793" z="-104816.6484375000"/>
				<vector3 name="mAngle" x="0.0000000000" y="0.0000000000" z="0.0000000000"/>
				<vector3 name="mScale" x="1.0000000000" y="1.0000000000" z="1.0000000000"/>
				<u32 name="PatternNo" value="0"/>
				<u32 name="mLife" value="4861237"/>
				<u32 name="mJumpInit" value="0"/>
				<class name="mItemSet" type="1492295384">
					<vector3 name="Pos" x="14198.3955078125" y="359.6471862793" z="-104816.6484375000"/>
					<vector3 name="Ang" x="0.0000000000" y="0.0000000000" z="0.0000000000"/>
					<bool name="AutoPosition" value="true"/>
					<bool name="HitAuto" value="true"/>
					<bool name="NoCheckOba" value="false"/>
					<bool name="NoCheckEff" value="false"/>
					<classref name="Shape" type="1035932488">
						<string name="Name" value=""/>
						<f32 name="CheckAngle" value="0.0000000000"/>
						<f32 name="CheckRange" value="0.0000000000"/>
						<f32 name="CheckToward" value="0.0000000000"/>
						<bool name="AngleFlag" value="false"/>
						<bool name="TowardFlag" value="false"/>
						<vector3 name="Cone.mCenterPos" x="0.0000000000" y="-180.0000000000" z="0.0000000000"/>
						<f32 name="Cone.mHeight" value="270.0000000000"/>
						<f32 name="Cone.mTopRadius" value="220.0000000000"/>
						<f32 name="Cone.mBottomRadius" value="20.0000000000"/>
					</classref>
					<vector3 name="SetOffset" x="0.0000000000" y="0.0000000000" z="0.0000000000"/>
					<s16 name="ItemFlagNo" value="-1"/>
					<u16 name="ItemId" value="515"/>
					<s32 name="ItemNum" value="10"/>
					<u16 name="SetType" value="0"/>
					<s16 name="SetLotNo" value="-1"/>
					<s16 name="SetNo" value="-1"/>
					<u8 name="EffType" value="1"/>
					<vector3 name="EffOffset" x="0.0000000000" y="0.0000000000" z="0.0000000000"/>
					<u8 name="LevelPower" value="0"/>
					<u8 name="LevelFireSpeed" value="0"/>
					<u8 name="LevelReloadSpeed" value="0"/>
					<u8 name="LevelBulletMax" value="0"/>
					<u8 name="LevelBulrRate" value="0"/>
					<u8 name="LevelCritical" value="0"/>
					<u8 name="LevelThrough" value="0"/>
					<u8 name="LevelRange" value="0"/>
					<u8 name="LevelScope" value="0"/>
				</class>
			</classref>
		</classref>
		<classref type="1637199632">
			<s32 name="mID" value="0"/>
			<string name="mInfoClass" value="cSetInfoItem"/>
			<string name="mUnitClass" value="uIt0201"/>
			<classref name="mpInfo" type="381867577">
				<string name="mName" value=""/>
				<string name="mParentName" value=""/>
				<s32 name="mParentNo" value="-1"/>
				<u32 name="mOrder" value="4"/>
				<vector3 name="mPosition" x="15698.2285156250" y="369.1145324707" z="-106443.5546875000"/>
				<vector3 name="mAngle" x="0.0000000000" y="-0.2647640109" z="0.0000000000"/>
				<vector3 name="mScale" x="1.0000000000" y="1.0000000000" z="1.0000000000"/>
				<u32 name="PatternNo" value="0"/>
				<u32 name="mLife" value="4861238"/>
				<u32 name="mJumpInit" value="0"/>
				<class name="mItemSet" type="1492295384">
					<vector3 name="Pos" x="15698.2285156250" y="369.1145324707" z="-106443.5546875000"/>
					<vector3 name="Ang" x="0.0000000000" y="-0.2647640109" z="0.0000000000"/>
					<bool name="AutoPosition" value="true"/>
					<bool name="HitAuto" value="true"/>
					<bool name="NoCheckOba" value="false"/>
					<bool name="NoCheckEff" value="false"/>
					<classref name="Shape" type="1035932488">
						<string name="Name" value=""/>
						<f32 name="CheckAngle" value="0.0000000000"/>
						<f32 name="CheckRange" value="0.0000000000"/>
						<f32 name="CheckToward" value="0.0000000000"/>
						<bool name="AngleFlag" value="false"/>
						<bool name="TowardFlag" value="false"/>
						<vector3 name="Cone.mCenterPos" x="0.0000000000" y="-180.0000000000" z="0.0000000000"/>
						<f32 name="Cone.mHeight" value="270.0000000000"/>
						<f32 name="Cone.mTopRadius" value="220.0000000000"/>
						<f32 name="Cone.mBottomRadius" value="20.0000000000"/>
					</classref>
					<vector3 name="SetOffset" x="0.0000000000" y="0.0000000000" z="0.0000000000"/>
					<s16 name="ItemFlagNo" value="-1"/>
					<u16 name="ItemId" value="513"/>
					<s32 name="ItemNum" value="15"/>
					<u16 name="SetType" value="0"/>
					<s16 name="SetLotNo" value="-1"/>
					<s16 name="SetNo" value="-1"/>
					<u8 name="EffType" value="1"/>
					<vector3 name="EffOffset" x="0.0000000000" y="0.0000000000" z="0.0000000000"/>
					<u8 name="LevelPower" value="0"/>
					<u8 name="LevelFireSpeed" value="0"/>
					<u8 name="LevelReloadSpeed" value="0"/>
					<u8 name="LevelBulletMax" value="0"/>
					<u8 name="LevelBulrRate" value="0"/>
					<u8 name="LevelCritical" value="0"/>
					<u8 name="LevelThrough" value="0"/>
					<u8 name="LevelRange" value="0"/>
					<u8 name="LevelScope" value="0"/>
				</class>
			</classref>
		</classref>
		<classref type="1637199632">
			<s32 name="mID" value="0"/>
			<string name="mInfoClass" value="cSetInfoItem"/>
			<string name="mUnitClass" value="uIt0201"/>
			<classref name="mpInfo" type="381867577">
				<string name="mName" value=""/>
				<string name="mParentName" value=""/>
				<s32 name="mParentNo" value="-1"/>
				<u32 name="mOrder" value="4"/>
				<vector3 name="mPosition" x="34896.4804687500" y="115.1162948608" z="-87854.9062500000"/>
				<vector3 name="mAngle" x="0.0000000000" y="0.6122329831" z="0.0000000000"/>
				<vector3 name="mScale" x="1.0000000000" y="1.0000000000" z="1.0000000000"/>
				<u32 name="PatternNo" value="0"/>
				<u32 name="mLife" value="4861239"/>
				<u32 name="mJumpInit" value="0"/>
				<class name="mItemSet" type="1492295384">
					<vector3 name="Pos" x="34896.4804687500" y="115.1162948608" z="-87854.9062500000"/>
					<vector3 name="Ang" x="0.0000000000" y="0.6122329831" z="0.0000000000"/>
					<bool name="AutoPosition" value="true"/>
					<bool name="HitAuto" value="true"/>
					<bool name="NoCheckOba" value="false"/>
					<bool name="NoCheckEff" value="false"/>
					<classref name="Shape" type="1035932488">
						<string name="Name" value=""/>
						<f32 name="CheckAngle" value="0.0000000000"/>
						<f32 name="CheckRange" value="0.0000000000"/>
						<f32 name="CheckToward" value="0.0000000000"/>
						<bool name="AngleFlag" value="false"/>
						<bool name="TowardFlag" value="false"/>
						<vector3 name="Cone.mCenterPos" x="0.0000000000" y="-180.0000000000" z="0.0000000000"/>
						<f32 name="Cone.mHeight" value="270.0000000000"/>
						<f32 name="Cone.mTopRadius" value="220.0000000000"/>
						<f32 name="Cone.mBottomRadius" value="20.0000000000"/>
					</classref>
					<vector3 name="SetOffset" x="0.0000000000" y="0.0000000000" z="0.0000000000"/>
					<s16 name="ItemFlagNo" value="-1"/>
					<u16 name="ItemId" value="513"/>
					<s32 name="ItemNum" value="15"/>
					<u16 name="SetType" value="0"/>
					<s16 name="SetLotNo" value="-1"/>
					<s16 name="SetNo" value="-1"/>
					<u8 name="EffType" value="1"/>
					<vector3 name="EffOffset" x="0.0000000000" y="0.0000000000" z="0.0000000000"/>
					<u8 name="LevelPower" value="0"/>
					<u8 name="LevelFireSpeed" value="0"/>
					<u8 name="LevelReloadSpeed" value="0"/>
					<u8 name="LevelBulletMax" value="0"/>
					<u8 name="LevelBulrRate" value="0"/>
					<u8 name="LevelCritical" value="0"/>
					<u8 name="LevelThrough" value="0"/>
					<u8 name="LevelRange" value="0"/>
					<u8 name="LevelScope" value="0"/>
				</class>
			</classref>
		</classref>
	</array>
</class>
