<?xml version="1.0" encoding="utf-8"?>
<class name="XFS" type="355479284">
	<u32 name="mQuality" value="2"/>
	<array name="mSetInfos" type="classref" count="19">
		<classref type="1637199632">
			<s32 name="mID" value="0"/>
			<string name="mInfoClass" value="cSetInfoItem"/>
			<string name="mUnitClass" value="uIt0201"/>
			<classref name="mpInfo" type="381867577">
				<string name="mName" value=""/>
				<string name="mParentName" value=""/>
				<s32 name="mParentNo" value="0"/>
				<u32 name="mOrder" value="4"/>
				<vector3 name="mPosition" x="-8592.0859375000" y="193.3737640381" z="6126.1738281250"/>
				<vector3 name="mAngle" x="-0.0000000000" y="0.3490659893" z="0.0000000000"/>
				<vector3 name="mScale" x="1.0000000000" y="1.0000000000" z="1.0000000000"/>
				<u32 name="PatternNo" value="0"/>
				<u32 name="mLife" value="4861196"/>
				<u32 name="mJumpInit" value="0"/>
				<class name="mItemSet" type="1492295384">
					<vector3 name="Pos" x="-8592.0859375000" y="193.3737640381" z="6126.1738281250"/>
					<vector3 name="Ang" x="-0.0000000000" y="0.3490659893" z="0.0000000000"/>
					<bool name="AutoPosition" value="true"/>
					<bool name="HitAuto" value="true"/>
					<bool name="NoCheckOba" value="false"/>
					<bool name="NoCheckEff" value="false"/>
					<classref name="Shape" type="1035932488">
						<string name="Name" value=""/>
						<f32 name="CheckAngle" value="0.0000000000"/>
						<f32 name="CheckRange" value="0.0000000000"/>
						<f32 name="CheckToward" value="0.0000000000"/>
						<bool name="AngleFlag" value="false"/>
						<bool name="TowardFlag" value="false"/>
						<vector3 name="Cone.mCenterPos" x="0.0000000000" y="-180.0000000000" z="0.0000000000"/>
						<f32 name="Cone.mHeight" value="270.0000000000"/>
						<f32 name="Cone.mTopRadius" value="220.0000000000"/>
						<f32 name="Cone.mBottomRadius" value="20.0000000000"/>
					</classref>
					<vector3 name="SetOffset" x="0.0000000000" y="0.0000000000" z="0.0000000000"/>
					<s16 name="ItemFlagNo" value="-1"/>
					<u16 name="ItemId" value="513"/>
					<s32 name="ItemNum" value="-1"/>
					<u16 name="SetType" value="0"/>
					<s16 name="SetLotNo" value="-1"/>
					<s16 name="SetNo" value="-1"/>
					<u8 name="EffType" value="1"/>
					<vector3 name="EffOffset" x="0.0000000000" y="0.0000000000" z="0.0000000000"/>
					<u8 name="LevelPower" value="0"/>
					<u8 name="LevelFireSpeed" value="0"/>
					<u8 name="LevelReloadSpeed" value="0"/>
					<u8 name="LevelBulletMax" value="0"/>
					<u8 name="LevelBulrRate" value="0"/>
					<u8 name="LevelCritical" value="0"/>
					<u8 name="LevelThrough" value="0"/>
					<u8 name="LevelRange" value="0"/>
					<u8 name="LevelScope" value="0"/>
				</class>
			</classref>
		</classref>
		<classref type="1637199632">
			<s32 name="mID" value="0"/>
			<string name="mInfoClass" value="cSetInfoItem"/>
			<string name="mUnitClass" value="uIt0302"/>
			<classref name="mpInfo" type="381867577">
				<string name="mName" value=""/>
				<string name="mParentName" value=""/>
				<s32 name="mParentNo" value="6499632"/>
				<u32 name="mOrder" value="4"/>
				<vector3 name="mPosition" x="-7592.5610351563" y="93.4777755737" z="7724.7172851563"/>
				<vector3 name="mAngle" x="0.0000000000" y="0.0000000000" z="0.0000000000"/>
				<vector3 name="mScale" x="1.0000000000" y="1.0000000000" z="1.0000000000"/>
				<u32 name="PatternNo" value="0"/>
				<u32 name="mLife" value="4861197"/>
				<u32 name="mJumpInit" value="0"/>
				<class name="mItemSet" type="1492295384">
					<vector3 name="Pos" x="-7592.5610351563" y="93.4777755737" z="7724.7172851563"/>
					<vector3 name="Ang" x="0.0000000000" y="0.0000000000" z="0.0000000000"/>
					<bool name="AutoPosition" value="true"/>
					<bool name="HitAuto" value="true"/>
					<bool name="NoCheckOba" value="false"/>
					<bool name="NoCheckEff" value="false"/>
					<classref name="Shape" type="1035932488">
						<string name="Name" value=""/>
						<f32 name="CheckAngle" value="0.0000000000"/>
						<f32 name="CheckRange" value="0.0000000000"/>
						<f32 name="CheckToward" value="0.0000000000"/>
						<bool name="AngleFlag" value="false"/>
						<bool name="TowardFlag" value="false"/>
						<vector3 name="Cone.mCenterPos" x="0.0000000000" y="-180.0000000000" z="0.0000000000"/>
						<f32 name="Cone.mHeight" value="270.0000000000"/>
						<f32 name="Cone.mTopRadius" value="220.0000000000"/>
						<f32 name="Cone.mBottomRadius" value="20.0000000000"/>
					</classref>
					<vector3 name="SetOffset" x="0.0000000000" y="0.0000000000" z="0.0000000000"/>
					<s16 name="ItemFlagNo" value="-1"/>
					<u16 name="ItemId" value="770"/>
					<s32 name="ItemNum" value="-1"/>
					<u16 name="SetType" value="0"/>
					<s16 name="SetLotNo" value="-1"/>
					<s16 name="SetNo" value="-1"/>
					<u8 name="EffType" value="1"/>
					<vector3 name="EffOffset" x="0.0000000000" y="0.0000000000" z="0.0000000000"/>
					<u8 name="LevelPower" value="0"/>
					<u8 name="LevelFireSpeed" value="0"/>
					<u8 name="LevelReloadSpeed" value="0"/>
					<u8 name="LevelBulletMax" value="0"/>
					<u8 name="LevelBulrRate" value="0"/>
					<u8 name="LevelCritical" value="0"/>
					<u8 name="LevelThrough" value="0"/>
					<u8 name="LevelRange" value="0"/>
					<u8 name="LevelScope" value="0"/>
				</class>
			</classref>
		</classref>
		<classref type="1637199632">
			<s32 name="mID" value="0"/>
			<string name="mInfoClass" value="cSetInfoItem"/>
			<string name="mUnitClass" value="uIt0301"/>
			<classref name="mpInfo" type="381867577">
				<string name="mName" value=""/>
				<string name="mParentName" value=""/>
				<s32 name="mParentNo" value="7302492"/>
				<u32 name="mOrder" value="4"/>
				<vector3 name="mPosition" x="-7597.5332031250" y="93.0259323120" z="7939.6875000000"/>
				<vector3 name="mAngle" x="0.0000000000" y="0.0000000000" z="0.0000000000"/>
				<vector3 name="mScale" x="1.0000000000" y="1.0000000000" z="1.0000000000"/>
				<u32 name="PatternNo" value="0"/>
				<u32 name="mLife" value="4861198"/>
				<u32 name="mJumpInit" value="0"/>
				<class name="mItemSet" type="1492295384">
					<vector3 name="Pos" x="-7597.5332031250" y="93.0259323120" z="7939.6875000000"/>
					<vector3 name="Ang" x="0.0000000000" y="0.0000000000" z="0.0000000000"/>
					<bool name="AutoPosition" value="true"/>
					<bool name="HitAuto" value="true"/>
					<bool name="NoCheckOba" value="false"/>
					<bool name="NoCheckEff" value="false"/>
					<classref name="Shape" type="1035932488">
						<string name="Name" value=""/>
						<f32 name="CheckAngle" value="0.0000000000"/>
						<f32 name="CheckRange" value="0.0000000000"/>
						<f32 name="CheckToward" value="0.0000000000"/>
						<bool name="AngleFlag" value="false"/>
						<bool name="TowardFlag" value="false"/>
						<vector3 name="Cone.mCenterPos" x="0.0000000000" y="-180.0000000000" z="0.0000000000"/>
						<f32 name="Cone.mHeight" value="270.0000000000"/>
						<f32 name="Cone.mTopRadius" value="220.0000000000"/>
						<f32 name="Cone.mBottomRadius" value="20.0000000000"/>
					</classref>
					<vector3 name="SetOffset" x="0.0000000000" y="0.0000000000" z="0.0000000000"/>
					<s16 name="ItemFlagNo" value="-1"/>
					<u16 name="ItemId" value="769"/>
					<s32 name="ItemNum" value="-1"/>
					<u16 name="SetType" value="0"/>
					<s16 name="SetLotNo" value="-1"/>
					<s16 name="SetNo" value="-1"/>
					<u8 name="EffType" value="1"/>
					<vector3 name="EffOffset" x="0.0000000000" y="0.0000000000" z="0.0000000000"/>
					<u8 name="LevelPower" value="0"/>
					<u8 name="LevelFireSpeed" value="0"/>
					<u8 name="LevelReloadSpeed" value="0"/>
					<u8 name="LevelBulletMax" value="0"/>
					<u8 name="LevelBulrRate" value="0"/>
					<u8 name="LevelCritical" value="0"/>
					<u8 name="LevelThrough" value="0"/>
					<u8 name="LevelRange" value="0"/>
					<u8 name="LevelScope" value="0"/>
				</class>
			</classref>
		</classref>
		<classref type="1637199632">
			<s32 name="mID" value="0"/>
			<string name="mInfoClass" value="cSetInfoItem"/>
			<string name="mUnitClass" value="uIt0301"/>
			<classref name="mpInfo" type="381867577">
				<string name="mName" value=""/>
				<string name="mParentName" value=""/>
				<s32 name="mParentNo" value="0"/>
				<u32 name="mOrder" value="4"/>
				<vector3 name="mPosition" x="-7461.5913085938" y="499.5390625000" z="2309.5563964844"/>
				<vector3 name="mAngle" x="0.0000000000" y="0.0000000000" z="0.0000000000"/>
				<vector3 name="mScale" x="1.0000000000" y="1.0000000000" z="1.0000000000"/>
				<u32 name="PatternNo" value="0"/>
				<u32 name="mLife" value="4861199"/>
				<u32 name="mJumpInit" value="0"/>
				<class name="mItemSet" type="1492295384">
					<vector3 name="Pos" x="-7461.5913085938" y="499.5390625000" z="2309.5563964844"/>
					<vector3 name="Ang" x="0.0000000000" y="0.0000000000" z="0.0000000000"/>
					<bool name="AutoPosition" value="true"/>
					<bool name="HitAuto" value="true"/>
					<bool name="NoCheckOba" value="false"/>
					<bool name="NoCheckEff" value="false"/>
					<classref name="Shape" type="1035932488">
						<string name="Name" value=""/>
						<f32 name="CheckAngle" value="0.0000000000"/>
						<f32 name="CheckRange" value="0.0000000000"/>
						<f32 name="CheckToward" value="0.0000000000"/>
						<bool name="AngleFlag" value="false"/>
						<bool name="TowardFlag" value="false"/>
						<vector3 name="Cone.mCenterPos" x="0.0000000000" y="-180.0000000000" z="0.0000000000"/>
						<f32 name="Cone.mHeight" value="270.0000000000"/>
						<f32 name="Cone.mTopRadius" value="220.0000000000"/>
						<f32 name="Cone.mBottomRadius" value="20.0000000000"/>
					</classref>
					<vector3 name="SetOffset" x="0.0000000000" y="0.0000000000" z="0.0000000000"/>
					<s16 name="ItemFlagNo" value="-1"/>
					<u16 name="ItemId" value="769"/>
					<s32 name="ItemNum" value="-1"/>
					<u16 name="SetType" value="0"/>
					<s16 name="SetLotNo" value="-1"/>
					<s16 name="SetNo" value="-1"/>
					<u8 name="EffType" value="1"/>
					<vector3 name="EffOffset" x="0.0000000000" y="0.0000000000" z="0.0000000000"/>
					<u8 name="LevelPower" value="0"/>
					<u8 name="LevelFireSpeed" value="0"/>
					<u8 name="LevelReloadSpeed" value="0"/>
					<u8 name="LevelBulletMax" value="0"/>
					<u8 name="LevelBulrRate" value="0"/>
					<u8 name="LevelCritical" value="0"/>
					<u8 name="LevelThrough" value="0"/>
					<u8 name="LevelRange" value="0"/>
					<u8 name="LevelScope" value="0"/>
				</class>
			</classref>
		</classref>
		<classref type="1637199632">
			<s32 name="mID" value="0"/>
			<string name="mInfoClass" value="cSetInfoItem"/>
			<string name="mUnitClass" value="uIt0302"/>
			<classref name="mpInfo" type="381867577">
				<string name="mName" value=""/>
				<string name="mParentName" value=""/>
				<s32 name="mParentNo" value="377"/>
				<u32 name="mOrder" value="4"/>
				<vector3 name="mPosition" x="-8611.7333984375" y="193.0805358887" z="6358.0800781250"/>
				<vector3 name="mAngle" x="-0.0000000000" y="0.0212999992" z="0.0000000000"/>
				<vector3 name="mScale" x="1.0000000000" y="1.0000000000" z="1.0000000000"/>
				<u32 name="PatternNo" value="0"/>
				<u32 name="mLife" value="4861200"/>
				<u32 name="mJumpInit" value="0"/>
				<class name="mItemSet" type="1492295384">
					<vector3 name="Pos" x="-8611.7333984375" y="193.0805358887" z="6358.0800781250"/>
					<vector3 name="Ang" x="-0.0000000000" y="0.0212999992" z="0.0000000000"/>
					<bool name="AutoPosition" value="true"/>
					<bool name="HitAuto" value="true"/>
					<bool name="NoCheckOba" value="false"/>
					<bool name="NoCheckEff" value="false"/>
					<classref name="Shape" type="1035932488">
						<string name="Name" value=""/>
						<f32 name="CheckAngle" value="0.0000000000"/>
						<f32 name="CheckRange" value="0.0000000000"/>
						<f32 name="CheckToward" value="0.0000000000"/>
						<bool name="AngleFlag" value="false"/>
						<bool name="TowardFlag" value="false"/>
						<vector3 name="Cone.mCenterPos" x="0.0000000000" y="-180.0000000000" z="0.0000000000"/>
						<f32 name="Cone.mHeight" value="270.0000000000"/>
						<f32 name="Cone.mTopRadius" value="220.0000000000"/>
						<f32 name="Cone.mBottomRadius" value="20.0000000000"/>
					</classref>
					<vector3 name="SetOffset" x="0.0000000000" y="0.0000000000" z="0.0000000000"/>
					<s16 name="ItemFlagNo" value="-1"/>
					<u16 name="ItemId" value="770"/>
					<s32 name="ItemNum" value="-1"/>
					<u16 name="SetType" value="0"/>
					<s16 name="SetLotNo" value="-1"/>
					<s16 name="SetNo" value="-1"/>
					<u8 name="EffType" value="1"/>
					<vector3 name="EffOffset" x="0.0000000000" y="0.0000000000" z="0.0000000000"/>
					<u8 name="LevelPower" value="0"/>
					<u8 name="LevelFireSpeed" value="0"/>
					<u8 name="LevelReloadSpeed" value="0"/>
					<u8 name="LevelBulletMax" value="0"/>
					<u8 name="LevelBulrRate" value="0"/>
					<u8 name="LevelCritical" value="0"/>
					<u8 name="LevelThrough" value="0"/>
					<u8 name="LevelRange" value="0"/>
					<u8 name="LevelScope" value="0"/>
				</class>
			</classref>
		</classref>
		<classref type="1637199632">
			<s32 name="mID" value="0"/>
			<string name="mInfoClass" value="cSetInfoItem"/>
			<string name="mUnitClass" value="uIt0402"/>
			<classref name="mpInfo" type="381867577">
				<string name="mName" value=""/>
				<string name="mParentName" value=""/>
				<s32 name="mParentNo" value="7827548"/>
				<u32 name="mOrder" value="4"/>
				<vector3 name="mPosition" x="-7892.4736328125" y="80.0000534058" z="4316.7729492188"/>
				<vector3 name="mAngle" x="-0.0000000000" y="-0.0816809982" z="0.0000000000"/>
				<vector3 name="mScale" x="1.5000000000" y="1.5000000000" z="1.5000000000"/>
				<u32 name="PatternNo" value="0"/>
				<u32 name="mLife" value="4861201"/>
				<u32 name="mJumpInit" value="0"/>
				<class name="mItemSet" type="1492295384">
					<vector3 name="Pos" x="-7892.4736328125" y="80.0000534058" z="4316.7729492188"/>
					<vector3 name="Ang" x="-0.0000000000" y="-0.0816809982" z="0.0000000000"/>
					<bool name="AutoPosition" value="true"/>
					<bool name="HitAuto" value="true"/>
					<bool name="NoCheckOba" value="false"/>
					<bool name="NoCheckEff" value="false"/>
					<classref name="Shape" type="1035932488">
						<string name="Name" value=""/>
						<f32 name="CheckAngle" value="0.0000000000"/>
						<f32 name="CheckRange" value="0.0000000000"/>
						<f32 name="CheckToward" value="0.0000000000"/>
						<bool name="AngleFlag" value="false"/>
						<bool name="TowardFlag" value="false"/>
						<vector3 name="Cone.mCenterPos" x="0.0000000000" y="-180.0000000000" z="0.0000000000"/>
						<f32 name="Cone.mHeight" value="270.0000000000"/>
						<f32 name="Cone.mTopRadius" value="220.0000000000"/>
						<f32 name="Cone.mBottomRadius" value="20.0000000000"/>
					</classref>
					<vector3 name="SetOffset" x="0.0000000000" y="0.0000000000" z="0.0000000000"/>
					<s16 name="ItemFlagNo" value="-1"/>
					<u16 name="ItemId" value="1026"/>
					<s32 name="ItemNum" value="50"/>
					<u16 name="SetType" value="0"/>
					<s16 name="SetLotNo" value="-1"/>
					<s16 name="SetNo" value="-1"/>
					<u8 name="EffType" value="7"/>
					<vector3 name="EffOffset" x="0.0000000000" y="0.0000000000" z="0.0000000000"/>
					<u8 name="LevelPower" value="0"/>
					<u8 name="LevelFireSpeed" value="0"/>
					<u8 name="LevelReloadSpeed" value="0"/>
					<u8 name="LevelBulletMax" value="0"/>
					<u8 name="LevelBulrRate" value="0"/>
					<u8 name="LevelCritical" value="0"/>
					<u8 name="LevelThrough" value="0"/>
					<u8 name="LevelRange" value="0"/>
					<u8 name="LevelScope" value="0"/>
				</class>
			</classref>
		</classref>
		<classref type="1637199632">
			<s32 name="mID" value="0"/>
			<string name="mInfoClass" value="cSetInfoItem"/>
			<string name="mUnitClass" value="uIt041f"/>
			<classref name="mpInfo" type="381867577">
				<string name="mName" value=""/>
				<string name="mParentName" value=""/>
				<s32 name="mParentNo" value="33555456"/>
				<u32 name="mOrder" value="4"/>
				<vector3 name="mPosition" x="-10376.1972656250" y="880.0000000000" z="3322.4128417969"/>
				<vector3 name="mAngle" x="0.7853980064" y="-0.5020110011" z="-0.0698129982"/>
				<vector3 name="mScale" x="0.6999999881" y="0.6999999881" z="0.6999999881"/>
				<u32 name="PatternNo" value="0"/>
				<u32 name="mLife" value="4861202"/>
				<u32 name="mJumpInit" value="0"/>
				<class name="mItemSet" type="1492295384">
					<vector3 name="Pos" x="-10376.1972656250" y="880.0000000000" z="3322.4128417969"/>
					<vector3 name="Ang" x="0.7853980064" y="-0.5020110011" z="-0.0698129982"/>
					<bool name="AutoPosition" value="true"/>
					<bool name="HitAuto" value="true"/>
					<bool name="NoCheckOba" value="false"/>
					<bool name="NoCheckEff" value="false"/>
					<classref name="Shape" type="1035932488">
						<string name="Name" value=""/>
						<f32 name="CheckAngle" value="0.0000000000"/>
						<f32 name="CheckRange" value="0.0000000000"/>
						<f32 name="CheckToward" value="0.0000000000"/>
						<bool name="AngleFlag" value="false"/>
						<bool name="TowardFlag" value="false"/>
						<vector3 name="Cone.mCenterPos" x="0.0000000000" y="-180.0000000000" z="0.0000000000"/>
						<f32 name="Cone.mHeight" value="270.0000000000"/>
						<f32 name="Cone.mTopRadius" value="220.0000000000"/>
						<f32 name="Cone.mBottomRadius" value="20.0000000000"/>
					</classref>
					<vector3 name="SetOffset" x="0.0000000000" y="0.0000000000" z="0.0000000000"/>
					<s16 name="ItemFlagNo" value="-1"/>
					<u16 name="ItemId" value="1055"/>
					<s32 name="ItemNum" value="-1"/>
					<u16 name="SetType" value="0"/>
					<s16 name="SetLotNo" value="61"/>
					<s16 name="SetNo" value="10"/>
					<u8 name="EffType" value="9"/>
					<vector3 name="EffOffset" x="0.0000000000" y="0.0000000000" z="0.0000000000"/>
					<u8 name="LevelPower" value="0"/>
					<u8 name="LevelFireSpeed" value="0"/>
					<u8 name="LevelReloadSpeed" value="0"/>
					<u8 name="LevelBulletMax" value="0"/>
					<u8 name="LevelBulrRate" value="0"/>
					<u8 name="LevelCritical" value="0"/>
					<u8 name="LevelThrough" value="0"/>
					<u8 name="LevelRange" value="0"/>
					<u8 name="LevelScope" value="0"/>
				</class>
			</classref>
		</classref>
		<classref type="1637199632">
			<s32 name="mID" value="0"/>
			<string name="mInfoClass" value="cSetInfoItem"/>
			<string name="mUnitClass" value="uIt0401"/>
			<classref name="mpInfo" type="381867577">
				<string name="mName" value=""/>
				<string name="mParentName" value=""/>
				<s32 name="mParentNo" value="5514932"/>
				<u32 name="mOrder" value="4"/>
				<vector3 name="mPosition" x="-7435.4384765625" y="499.9134521484" z="1858.9102783203"/>
				<vector3 name="mAngle" x="-0.0000000000" y="0.6085929871" z="0.0000000000"/>
				<vector3 name="mScale" x="1.0000000000" y="1.0000000000" z="1.0000000000"/>
				<u32 name="PatternNo" value="0"/>
				<u32 name="mLife" value="4861203"/>
				<u32 name="mJumpInit" value="0"/>
				<class name="mItemSet" type="1492295384">
					<vector3 name="Pos" x="-7435.4384765625" y="499.9134521484" z="1858.9102783203"/>
					<vector3 name="Ang" x="-0.0000000000" y="0.6085929871" z="0.0000000000"/>
					<bool name="AutoPosition" value="true"/>
					<bool name="HitAuto" value="true"/>
					<bool name="NoCheckOba" value="false"/>
					<bool name="NoCheckEff" value="false"/>
					<classref name="Shape" type="1035932488">
						<string name="Name" value=""/>
						<f32 name="CheckAngle" value="0.0000000000"/>
						<f32 name="CheckRange" value="0.0000000000"/>
						<f32 name="CheckToward" value="0.0000000000"/>
						<bool name="AngleFlag" value="false"/>
						<bool name="TowardFlag" value="false"/>
						<vector3 name="Cone.mCenterPos" x="0.0000000000" y="-180.0000000000" z="0.0000000000"/>
						<f32 name="Cone.mHeight" value="270.0000000000"/>
						<f32 name="Cone.mTopRadius" value="220.0000000000"/>
						<f32 name="Cone.mBottomRadius" value="20.0000000000"/>
					</classref>
					<vector3 name="SetOffset" x="0.0000000000" y="0.0000000000" z="0.0000000000"/>
					<s16 name="ItemFlagNo" value="-1"/>
					<u16 name="ItemId" value="1025"/>
					<s32 name="ItemNum" value="400"/>
					<u16 name="SetType" value="0"/>
					<s16 name="SetLotNo" value="-1"/>
					<s16 name="SetNo" value="-1"/>
					<u8 name="EffType" value="1"/>
					<vector3 name="EffOffset" x="0.0000000000" y="0.0000000000" z="0.0000000000"/>
					<u8 name="LevelPower" value="0"/>
					<u8 name="LevelFireSpeed" value="0"/>
					<u8 name="LevelReloadSpeed" value="0"/>
					<u8 name="LevelBulletMax" value="0"/>
					<u8 name="LevelBulrRate" value="0"/>
					<u8 name="LevelCritical" value="0"/>
					<u8 name="LevelThrough" value="0"/>
					<u8 name="LevelRange" value="0"/>
					<u8 name="LevelScope" value="0"/>
				</class>
			</classref>
		</classref>
		<classref type="1637199632">
			<s32 name="mID" value="0"/>
			<string name="mInfoClass" value="cSetInfoItem"/>
			<string name="mUnitClass" value="uWp07"/>
			<classref name="mpInfo" type="381867577">
				<string name="mName" value=""/>
				<string name="mParentName" value=""/>
				<s32 name="mParentNo" value="27197964"/>
				<u32 name="mOrder" value="4"/>
				<vector3 name="mPosition" x="-7087.4721679688" y="199.4668426514" z="2615.2307128906"/>
				<vector3 name="mAngle" x="0.0000000000" y="0.0000000000" z="0.0000000000"/>
				<vector3 name="mScale" x="1.0000000000" y="1.0000000000" z="1.0000000000"/>
				<u32 name="PatternNo" value="0"/>
				<u32 name="mLife" value="4861204"/>
				<u32 name="mJumpInit" value="0"/>
				<class name="mItemSet" type="1492295384">
					<vector3 name="Pos" x="-7087.4721679688" y="199.4668426514" z="2615.2307128906"/>
					<vector3 name="Ang" x="0.0000000000" y="0.0000000000" z="0.0000000000"/>
					<bool name="AutoPosition" value="true"/>
					<bool name="HitAuto" value="true"/>
					<bool name="NoCheckOba" value="false"/>
					<bool name="NoCheckEff" value="false"/>
					<classref name="Shape" type="1035932488">
						<string name="Name" value=""/>
						<f32 name="CheckAngle" value="0.0000000000"/>
						<f32 name="CheckRange" value="0.0000000000"/>
						<f32 name="CheckToward" value="0.0000000000"/>
						<bool name="AngleFlag" value="false"/>
						<bool name="TowardFlag" value="false"/>
						<vector3 name="Cone.mCenterPos" x="0.0000000000" y="-180.0000000000" z="0.0000000000"/>
						<f32 name="Cone.mHeight" value="270.0000000000"/>
						<f32 name="Cone.mTopRadius" value="220.0000000000"/>
						<f32 name="Cone.mBottomRadius" value="20.0000000000"/>
					</classref>
					<vector3 name="SetOffset" x="0.0000000000" y="0.0000000000" z="0.0000000000"/>
					<s16 name="ItemFlagNo" value="-1"/>
					<u16 name="ItemId" value="263"/>
					<s32 name="ItemNum" value="-1"/>
					<u16 name="SetType" value="1"/>
					<s16 name="SetLotNo" value="3"/>
					<s16 name="SetNo" value="0"/>
					<u8 name="EffType" value="0"/>
					<vector3 name="EffOffset" x="0.0000000000" y="0.0000000000" z="0.0000000000"/>
					<u8 name="LevelPower" value="0"/>
					<u8 name="LevelFireSpeed" value="0"/>
					<u8 name="LevelReloadSpeed" value="0"/>
					<u8 name="LevelBulletMax" value="0"/>
					<u8 name="LevelBulrRate" value="0"/>
					<u8 name="LevelCritical" value="0"/>
					<u8 name="LevelThrough" value="0"/>
					<u8 name="LevelRange" value="0"/>
					<u8 name="LevelScope" value="0"/>
				</class>
			</classref>
		</classref>
		<classref type="1637199632">
			<s32 name="mID" value="0"/>
			<string name="mInfoClass" value="cSetInfoItem"/>
			<string name="mUnitClass" value="uIt0209"/>
			<classref name="mpInfo" type="381867577">
				<string name="mName" value=""/>
				<string name="mParentName" value=""/>
				<s32 name="mParentNo" value="0"/>
				<u32 name="mOrder" value="4"/>
				<vector3 name="mPosition" x="0.0000000000" y="0.0000000000" z="0.0000000000"/>
				<vector3 name="mAngle" x="0.0000000000" y="0.0000000000" z="0.0000000000"/>
				<vector3 name="mScale" x="1.0000000000" y="1.0000000000" z="1.0000000000"/>
				<u32 name="PatternNo" value="0"/>
				<u32 name="mLife" value="4861205"/>
				<u32 name="mJumpInit" value="0"/>
				<class name="mItemSet" type="1492295384">
					<vector3 name="Pos" x="0.0000000000" y="0.0000000000" z="0.0000000000"/>
					<vector3 name="Ang" x="0.0000000000" y="0.0000000000" z="0.0000000000"/>
					<bool name="AutoPosition" value="true"/>
					<bool name="HitAuto" value="true"/>
					<bool name="NoCheckOba" value="false"/>
					<bool name="NoCheckEff" value="false"/>
					<classref name="Shape" type="1035932488">
						<string name="Name" value=""/>
						<f32 name="CheckAngle" value="0.0000000000"/>
						<f32 name="CheckRange" value="0.0000000000"/>
						<f32 name="CheckToward" value="0.0000000000"/>
						<bool name="AngleFlag" value="false"/>
						<bool name="TowardFlag" value="false"/>
						<vector3 name="Cone.mCenterPos" x="0.0000000000" y="-180.0000000000" z="0.0000000000"/>
						<f32 name="Cone.mHeight" value="270.0000000000"/>
						<f32 name="Cone.mTopRadius" value="220.0000000000"/>
						<f32 name="Cone.mBottomRadius" value="20.0000000000"/>
					</classref>
					<vector3 name="SetOffset" x="0.0000000000" y="0.0000000000" z="0.0000000000"/>
					<s16 name="ItemFlagNo" value="-1"/>
					<u16 name="ItemId" value="521"/>
					<s32 name="ItemNum" value="-1"/>
					<u16 name="SetType" value="2"/>
					<s16 name="SetLotNo" value="40"/>
					<s16 name="SetNo" value="72"/>
					<u8 name="EffType" value="0"/>
					<vector3 name="EffOffset" x="0.0000000000" y="0.0000000000" z="0.0000000000"/>
					<u8 name="LevelPower" value="0"/>
					<u8 name="LevelFireSpeed" value="0"/>
					<u8 name="LevelReloadSpeed" value="0"/>
					<u8 name="LevelBulletMax" value="0"/>
					<u8 name="LevelBulrRate" value="0"/>
					<u8 name="LevelCritical" value="0"/>
					<u8 name="LevelThrough" value="0"/>
					<u8 name="LevelRange" value="0"/>
					<u8 name="LevelScope" value="0"/>
				</class>
			</classref>
		</classref>
		<classref type="1637199632">
			<s32 name="mID" value="0"/>
			<string name="mInfoClass" value="cSetInfoItem"/>
			<string name="mUnitClass" value="uIt0209"/>
			<classref name="mpInfo" type="381867577">
				<string name="mName" value=""/>
				<string name="mParentName" value=""/>
				<s32 name="mParentNo" value="0"/>
				<u32 name="mOrder" value="4"/>
				<vector3 name="mPosition" x="-8581.4013671875" y="193.3302001953" z="6227.0727539063"/>
				<vector3 name="mAngle" x="-0.0000000000" y="-0.2938019931" z="0.0000000000"/>
				<vector3 name="mScale" x="1.0000000000" y="1.0000000000" z="1.0000000000"/>
				<u32 name="PatternNo" value="0"/>
				<u32 name="mLife" value="4861206"/>
				<u32 name="mJumpInit" value="0"/>
				<class name="mItemSet" type="1492295384">
					<vector3 name="Pos" x="-8581.4013671875" y="193.3302001953" z="6227.0727539063"/>
					<vector3 name="Ang" x="-0.0000000000" y="-0.2938019931" z="0.0000000000"/>
					<bool name="AutoPosition" value="true"/>
					<bool name="HitAuto" value="true"/>
					<bool name="NoCheckOba" value="false"/>
					<bool name="NoCheckEff" value="false"/>
					<classref name="Shape" type="1035932488">
						<string name="Name" value=""/>
						<f32 name="CheckAngle" value="0.0000000000"/>
						<f32 name="CheckRange" value="0.0000000000"/>
						<f32 name="CheckToward" value="0.0000000000"/>
						<bool name="AngleFlag" value="false"/>
						<bool name="TowardFlag" value="false"/>
						<vector3 name="Cone.mCenterPos" x="0.0000000000" y="-180.0000000000" z="0.0000000000"/>
						<f32 name="Cone.mHeight" value="270.0000000000"/>
						<f32 name="Cone.mTopRadius" value="220.0000000000"/>
						<f32 name="Cone.mBottomRadius" value="20.0000000000"/>
					</classref>
					<vector3 name="SetOffset" x="0.0000000000" y="0.0000000000" z="0.0000000000"/>
					<s16 name="ItemFlagNo" value="-1"/>
					<u16 name="ItemId" value="521"/>
					<s32 name="ItemNum" value="-1"/>
					<u16 name="SetType" value="0"/>
					<s16 name="SetLotNo" value="-1"/>
					<s16 name="SetNo" value="-1"/>
					<u8 name="EffType" value="1"/>
					<vector3 name="EffOffset" x="0.0000000000" y="0.0000000000" z="0.0000000000"/>
					<u8 name="LevelPower" value="0"/>
					<u8 name="LevelFireSpeed" value="0"/>
					<u8 name="LevelReloadSpeed" value="0"/>
					<u8 name="LevelBulletMax" value="0"/>
					<u8 name="LevelBulrRate" value="0"/>
					<u8 name="LevelCritical" value="0"/>
					<u8 name="LevelThrough" value="0"/>
					<u8 name="LevelRange" value="0"/>
					<u8 name="LevelScope" value="0"/>
				</class>
			</classref>
		</classref>
		<classref type="1637199632">
			<s32 name="mID" value="0"/>
			<string name="mInfoClass" value="cSetInfoItem"/>
			<string name="mUnitClass" value="uIt0204"/>
			<classref name="mpInfo" type="381867577">
				<string name="mName" value=""/>
				<string name="mParentName" value=""/>
				<s32 name="mParentNo" value="0"/>
				<u32 name="mOrder" value="4"/>
				<vector3 name="mPosition" x="-7428.6513671875" y="499.5891418457" z="1967.7271728516"/>
				<vector3 name="mAngle" x="-0.0000000000" y="-0.3001779914" z="0.0000000000"/>
				<vector3 name="mScale" x="1.0000000000" y="1.0000000000" z="1.0000000000"/>
				<u32 name="PatternNo" value="0"/>
				<u32 name="mLife" value="4861207"/>
				<u32 name="mJumpInit" value="0"/>
				<class name="mItemSet" type="1492295384">
					<vector3 name="Pos" x="-7428.6513671875" y="499.5891418457" z="1967.7271728516"/>
					<vector3 name="Ang" x="-0.0000000000" y="-0.3001779914" z="0.0000000000"/>
					<bool name="AutoPosition" value="true"/>
					<bool name="HitAuto" value="true"/>
					<bool name="NoCheckOba" value="false"/>
					<bool name="NoCheckEff" value="false"/>
					<classref name="Shape" type="1035932488">
						<string name="Name" value=""/>
						<f32 name="CheckAngle" value="0.0000000000"/>
						<f32 name="CheckRange" value="0.0000000000"/>
						<f32 name="CheckToward" value="0.0000000000"/>
						<bool name="AngleFlag" value="false"/>
						<bool name="TowardFlag" value="false"/>
						<vector3 name="Cone.mCenterPos" x="0.0000000000" y="-180.0000000000" z="0.0000000000"/>
						<f32 name="Cone.mHeight" value="270.0000000000"/>
						<f32 name="Cone.mTopRadius" value="220.0000000000"/>
						<f32 name="Cone.mBottomRadius" value="20.0000000000"/>
					</classref>
					<vector3 name="SetOffset" x="0.0000000000" y="0.0000000000" z="0.0000000000"/>
					<s16 name="ItemFlagNo" value="-1"/>
					<u16 name="ItemId" value="516"/>
					<s32 name="ItemNum" value="-1"/>
					<u16 name="SetType" value="0"/>
					<s16 name="SetLotNo" value="-1"/>
					<s16 name="SetNo" value="-1"/>
					<u8 name="EffType" value="1"/>
					<vector3 name="EffOffset" x="0.0000000000" y="0.0000000000" z="0.0000000000"/>
					<u8 name="LevelPower" value="0"/>
					<u8 name="LevelFireSpeed" value="0"/>
					<u8 name="LevelReloadSpeed" value="0"/>
					<u8 name="LevelBulletMax" value="0"/>
					<u8 name="LevelBulrRate" value="0"/>
					<u8 name="LevelCritical" value="0"/>
					<u8 name="LevelThrough" value="0"/>
					<u8 name="LevelRange" value="0"/>
					<u8 name="LevelScope" value="0"/>
				</class>
			</classref>
		</classref>
		<classref type="1637199632">
			<s32 name="mID" value="0"/>
			<string name="mInfoClass" value="cSetInfoItem"/>
			<string name="mUnitClass" value="uWp0b"/>
			<classref name="mpInfo" type="381867577">
				<string name="mName" value=""/>
				<string name="mParentName" value=""/>
				<s32 name="mParentNo" value="-2105894064"/>
				<u32 name="mOrder" value="4"/>
				<vector3 name="mPosition" x="-5507.7915039063" y="1.3700820208" z="5663.0307617188"/>
				<vector3 name="mAngle" x="-0.1396259964" y="-2.6765239239" z="0.0000000000"/>
				<vector3 name="mScale" x="1.1000000238" y="1.1000000238" z="1.1000000238"/>
				<u32 name="PatternNo" value="0"/>
				<u32 name="mLife" value="4861208"/>
				<u32 name="mJumpInit" value="0"/>
				<class name="mItemSet" type="1492295384">
					<vector3 name="Pos" x="-5507.7915039063" y="1.3700820208" z="5663.0307617188"/>
					<vector3 name="Ang" x="-0.1396259964" y="-2.6765239239" z="0.0000000000"/>
					<bool name="AutoPosition" value="false"/>
					<bool name="HitAuto" value="false"/>
					<bool name="NoCheckOba" value="false"/>
					<bool name="NoCheckEff" value="false"/>
					<classref name="Shape" type="1035932488">
						<string name="Name" value=""/>
						<f32 name="CheckAngle" value="0.0000000000"/>
						<f32 name="CheckRange" value="0.0000000000"/>
						<f32 name="CheckToward" value="0.0000000000"/>
						<bool name="AngleFlag" value="false"/>
						<bool name="TowardFlag" value="false"/>
						<vector3 name="Cone.mCenterPos" x="-5549.5712890625" y="-180.0000000000" z="5664.4550781250"/>
						<f32 name="Cone.mHeight" value="270.0000000000"/>
						<f32 name="Cone.mTopRadius" value="200.0000000000"/>
						<f32 name="Cone.mBottomRadius" value="20.0000000000"/>
					</classref>
					<vector3 name="SetOffset" x="0.0000000000" y="0.0000000000" z="0.0000000000"/>
					<s16 name="ItemFlagNo" value="-1"/>
					<u16 name="ItemId" value="267"/>
					<s32 name="ItemNum" value="-1"/>
					<u16 name="SetType" value="0"/>
					<s16 name="SetLotNo" value="-1"/>
					<s16 name="SetNo" value="-1"/>
					<u8 name="EffType" value="9"/>
					<vector3 name="EffOffset" x="0.0000000000" y="0.0000000000" z="0.0000000000"/>
					<u8 name="LevelPower" value="0"/>
					<u8 name="LevelFireSpeed" value="0"/>
					<u8 name="LevelReloadSpeed" value="0"/>
					<u8 name="LevelBulletMax" value="0"/>
					<u8 name="LevelBulrRate" value="0"/>
					<u8 name="LevelCritical" value="0"/>
					<u8 name="LevelThrough" value="0"/>
					<u8 name="LevelRange" value="0"/>
					<u8 name="LevelScope" value="0"/>
				</class>
			</classref>
		</classref>
		<classref type="1637199632">
			<s32 name="mID" value="0"/>
			<string name="mInfoClass" value="cSetInfoItem"/>
			<string name="mUnitClass" value="uIt0709"/>
			<classref name="mpInfo" type="381867577">
				<string name="mName" value=""/>
				<string name="mParentName" value=""/>
				<s32 name="mParentNo" value="0"/>
				<u32 name="mOrder" value="4"/>
				<vector3 name="mPosition" x="-7427.6171875000" y="498.8219909668" z="2131.1582031250"/>
				<vector3 name="mAngle" x="0.0174529999" y="1.1854699850" z="0.0000000000"/>
				<vector3 name="mScale" x="0.8000000119" y="0.8000000119" z="0.8000000119"/>
				<u32 name="PatternNo" value="0"/>
				<u32 name="mLife" value="4861209"/>
				<u32 name="mJumpInit" value="0"/>
				<class name="mItemSet" type="1492295384">
					<vector3 name="Pos" x="-7427.6171875000" y="498.8219909668" z="2131.1582031250"/>
					<vector3 name="Ang" x="0.0174529999" y="1.1854699850" z="0.0000000000"/>
					<bool name="AutoPosition" value="true"/>
					<bool name="HitAuto" value="true"/>
					<bool name="NoCheckOba" value="false"/>
					<bool name="NoCheckEff" value="false"/>
					<classref name="Shape" type="1035932488">
						<string name="Name" value=""/>
						<f32 name="CheckAngle" value="0.0000000000"/>
						<f32 name="CheckRange" value="0.0000000000"/>
						<f32 name="CheckToward" value="0.0000000000"/>
						<bool name="AngleFlag" value="false"/>
						<bool name="TowardFlag" value="false"/>
						<vector3 name="Cone.mCenterPos" x="0.0000000000" y="-180.0000000000" z="0.0000000000"/>
						<f32 name="Cone.mHeight" value="270.0000000000"/>
						<f32 name="Cone.mTopRadius" value="220.0000000000"/>
						<f32 name="Cone.mBottomRadius" value="20.0000000000"/>
					</classref>
					<vector3 name="SetOffset" x="0.0000000000" y="0.0000000000" z="0.0000000000"/>
					<s16 name="ItemFlagNo" value="-1"/>
					<u16 name="ItemId" value="1801"/>
					<s32 name="ItemNum" value="-1"/>
					<u16 name="SetType" value="4"/>
					<s16 name="SetLotNo" value="-1"/>
					<s16 name="SetNo" value="-1"/>
					<u8 name="EffType" value="1"/>
					<vector3 name="EffOffset" x="0.0000000000" y="0.0000000000" z="0.0000000000"/>
					<u8 name="LevelPower" value="0"/>
					<u8 name="LevelFireSpeed" value="0"/>
					<u8 name="LevelReloadSpeed" value="0"/>
					<u8 name="LevelBulletMax" value="0"/>
					<u8 name="LevelBulrRate" value="0"/>
					<u8 name="LevelCritical" value="0"/>
					<u8 name="LevelThrough" value="0"/>
					<u8 name="LevelRange" value="0"/>
					<u8 name="LevelScope" value="0"/>
				</class>
			</classref>
		</classref>
		<classref type="1637199632">
			<s32 name="mID" value="0"/>
			<string name="mInfoClass" value="cSetInfoItem"/>
			<string name="mUnitClass" value="uIt046e"/>
			<classref name="mpInfo" type="381867577">
				<string name="mName" value=""/>
				<string name="mParentName" value=""/>
				<s32 name="mParentNo" value="0"/>
				<u32 name="mOrder" value="4"/>
				<vector3 name="mPosition" x="0.0000000000" y="0.0000000000" z="0.0000000000"/>
				<vector3 name="mAngle" x="1.5707960129" y="0.3490659893" z="0.0000000000"/>
				<vector3 name="mScale" x="1.0000000000" y="1.0000000000" z="1.0000000000"/>
				<u32 name="PatternNo" value="0"/>
				<u32 name="mLife" value="4861210"/>
				<u32 name="mJumpInit" value="0"/>
				<class name="mItemSet" type="1492295384">
					<vector3 name="Pos" x="0.0000000000" y="0.0000000000" z="0.0000000000"/>
					<vector3 name="Ang" x="1.5707960129" y="0.3490659893" z="0.0000000000"/>
					<bool name="AutoPosition" value="true"/>
					<bool name="HitAuto" value="true"/>
					<bool name="NoCheckOba" value="true"/>
					<bool name="NoCheckEff" value="true"/>
					<classref name="Shape" type="1035932488">
						<string name="Name" value=""/>
						<f32 name="CheckAngle" value="0.0000000000"/>
						<f32 name="CheckRange" value="0.0000000000"/>
						<f32 name="CheckToward" value="0.0000000000"/>
						<bool name="AngleFlag" value="false"/>
						<bool name="TowardFlag" value="false"/>
						<vector3 name="Cone.mCenterPos" x="0.0000000000" y="-180.0000000000" z="0.0000000000"/>
						<f32 name="Cone.mHeight" value="270.0000000000"/>
						<f32 name="Cone.mTopRadius" value="220.0000000000"/>
						<f32 name="Cone.mBottomRadius" value="20.0000000000"/>
					</classref>
					<vector3 name="SetOffset" x="50.0000000000" y="0.0000000000" z="50.0000000000"/>
					<s16 name="ItemFlagNo" value="-1"/>
					<u16 name="ItemId" value="1134"/>
					<s32 name="ItemNum" value="-1"/>
					<u16 name="SetType" value="1"/>
					<s16 name="SetLotNo" value="3"/>
					<s16 name="SetNo" value="15"/>
					<u8 name="EffType" value="0"/>
					<vector3 name="EffOffset" x="0.0000000000" y="0.0000000000" z="0.0000000000"/>
					<u8 name="LevelPower" value="0"/>
					<u8 name="LevelFireSpeed" value="0"/>
					<u8 name="LevelReloadSpeed" value="0"/>
					<u8 name="LevelBulletMax" value="0"/>
					<u8 name="LevelBulrRate" value="0"/>
					<u8 name="LevelCritical" value="0"/>
					<u8 name="LevelThrough" value="0"/>
					<u8 name="LevelRange" value="0"/>
					<u8 name="LevelScope" value="0"/>
				</class>
			</classref>
		</classref>
		<classref type="1637199632">
			<s32 name="mID" value="0"/>
			<string name="mInfoClass" value="cSetInfoItem"/>
			<string name="mUnitClass" value="uIt046e"/>
			<classref name="mpInfo" type="381867577">
				<string name="mName" value=""/>
				<string name="mParentName" value=""/>
				<s32 name="mParentNo" value="0"/>
				<u32 name="mOrder" value="4"/>
				<vector3 name="mPosition" x="0.0000000000" y="0.0000000000" z="0.0000000000"/>
				<vector3 name="mAngle" x="1.5707960129" y="0.3490659893" z="0.0000000000"/>
				<vector3 name="mScale" x="1.0000000000" y="1.0000000000" z="1.0000000000"/>
				<u32 name="PatternNo" value="0"/>
				<u32 name="mLife" value="4861211"/>
				<u32 name="mJumpInit" value="0"/>
				<class name="mItemSet" type="1492295384">
					<vector3 name="Pos" x="0.0000000000" y="0.0000000000" z="0.0000000000"/>
					<vector3 name="Ang" x="1.5707960129" y="0.3490659893" z="0.0000000000"/>
					<bool name="AutoPosition" value="true"/>
					<bool name="HitAuto" value="true"/>
					<bool name="NoCheckOba" value="true"/>
					<bool name="NoCheckEff" value="true"/>
					<classref name="Shape" type="1035932488">
						<string name="Name" value=""/>
						<f32 name="CheckAngle" value="0.0000000000"/>
						<f32 name="CheckRange" value="0.0000000000"/>
						<f32 name="CheckToward" value="0.0000000000"/>
						<bool name="AngleFlag" value="false"/>
						<bool name="TowardFlag" value="false"/>
						<vector3 name="Cone.mCenterPos" x="0.0000000000" y="-180.0000000000" z="0.0000000000"/>
						<f32 name="Cone.mHeight" value="270.0000000000"/>
						<f32 name="Cone.mTopRadius" value="220.0000000000"/>
						<f32 name="Cone.mBottomRadius" value="20.0000000000"/>
					</classref>
					<vector3 name="SetOffset" x="50.0000000000" y="0.0000000000" z="50.0000000000"/>
					<s16 name="ItemFlagNo" value="-1"/>
					<u16 name="ItemId" value="1134"/>
					<s32 name="ItemNum" value="-1"/>
					<u16 name="SetType" value="1"/>
					<s16 name="SetLotNo" value="3"/>
					<s16 name="SetNo" value="16"/>
					<u8 name="EffType" value="0"/>
					<vector3 name="EffOffset" x="0.0000000000" y="0.0000000000" z="0.0000000000"/>
					<u8 name="LevelPower" value="0"/>
					<u8 name="LevelFireSpeed" value="0"/>
					<u8 name="LevelReloadSpeed" value="0"/>
					<u8 name="LevelBulletMax" value="0"/>
					<u8 name="LevelBulrRate" value="0"/>
					<u8 name="LevelCritical" value="0"/>
					<u8 name="LevelThrough" value="0"/>
					<u8 name="LevelRange" value="0"/>
					<u8 name="LevelScope" value="0"/>
				</class>
			</classref>
		</classref>
		<classref type="1637199632">
			<s32 name="mID" value="0"/>
			<string name="mInfoClass" value="cSetInfoItem"/>
			<string name="mUnitClass" value="uIt0301"/>
			<classref name="mpInfo" type="381867577">
				<string name="mName" value=""/>
				<string name="mParentName" value=""/>
				<s32 name="mParentNo" value="71882096"/>
				<u32 name="mOrder" value="4"/>
				<vector3 name="mPosition" x="0.0000000000" y="0.0000000000" z="0.0000000000"/>
				<vector3 name="mAngle" x="0.0000000000" y="0.0000000000" z="0.0000000000"/>
				<vector3 name="mScale" x="1.0000000000" y="1.0000000000" z="1.0000000000"/>
				<u32 name="PatternNo" value="0"/>
				<u32 name="mLife" value="4861212"/>
				<u32 name="mJumpInit" value="0"/>
				<class name="mItemSet" type="1492295384">
					<vector3 name="Pos" x="0.0000000000" y="0.0000000000" z="0.0000000000"/>
					<vector3 name="Ang" x="0.0000000000" y="0.0000000000" z="0.0000000000"/>
					<bool name="AutoPosition" value="true"/>
					<bool name="HitAuto" value="true"/>
					<bool name="NoCheckOba" value="false"/>
					<bool name="NoCheckEff" value="false"/>
					<classref name="Shape" type="1035932488">
						<string name="Name" value=""/>
						<f32 name="CheckAngle" value="0.0000000000"/>
						<f32 name="CheckRange" value="0.0000000000"/>
						<f32 name="CheckToward" value="0.0000000000"/>
						<bool name="AngleFlag" value="false"/>
						<bool name="TowardFlag" value="false"/>
						<vector3 name="Cone.mCenterPos" x="0.0000000000" y="-180.0000000000" z="0.0000000000"/>
						<f32 name="Cone.mHeight" value="270.0000000000"/>
						<f32 name="Cone.mTopRadius" value="220.0000000000"/>
						<f32 name="Cone.mBottomRadius" value="20.0000000000"/>
					</classref>
					<vector3 name="SetOffset" x="0.0000000000" y="0.0000000000" z="0.0000000000"/>
					<s16 name="ItemFlagNo" value="-1"/>
					<u16 name="ItemId" value="769"/>
					<s32 name="ItemNum" value="-1"/>
					<u16 name="SetType" value="1"/>
					<s16 name="SetLotNo" value="3"/>
					<s16 name="SetNo" value="1"/>
					<u8 name="EffType" value="0"/>
					<vector3 name="EffOffset" x="0.0000000000" y="0.0000000000" z="0.0000000000"/>
					<u8 name="LevelPower" value="0"/>
					<u8 name="LevelFireSpeed" value="0"/>
					<u8 name="LevelReloadSpeed" value="0"/>
					<u8 name="LevelBulletMax" value="0"/>
					<u8 name="LevelBulrRate" value="0"/>
					<u8 name="LevelCritical" value="0"/>
					<u8 name="LevelThrough" value="0"/>
					<u8 name="LevelRange" value="0"/>
					<u8 name="LevelScope" value="0"/>
				</class>
			</classref>
		</classref>
		<classref type="1637199632">
			<s32 name="mID" value="0"/>
			<string name="mInfoClass" value="cSetInfoItem"/>
			<string name="mUnitClass" value="uIt0301"/>
			<classref name="mpInfo" type="381867577">
				<string name="mName" value=""/>
				<string name="mParentName" value=""/>
				<s32 name="mParentNo" value="-2102639420"/>
				<u32 name="mOrder" value="4"/>
				<vector3 name="mPosition" x="0.0000000000" y="0.0000000000" z="0.0000000000"/>
				<vector3 name="mAngle" x="0.0000000000" y="0.0000000000" z="0.0000000000"/>
				<vector3 name="mScale" x="1.0000000000" y="1.0000000000" z="1.0000000000"/>
				<u32 name="PatternNo" value="0"/>
				<u32 name="mLife" value="4861213"/>
				<u32 name="mJumpInit" value="0"/>
				<class name="mItemSet" type="1492295384">
					<vector3 name="Pos" x="0.0000000000" y="0.0000000000" z="0.0000000000"/>
					<vector3 name="Ang" x="0.0000000000" y="0.0000000000" z="0.0000000000"/>
					<bool name="AutoPosition" value="true"/>
					<bool name="HitAuto" value="true"/>
					<bool name="NoCheckOba" value="false"/>
					<bool name="NoCheckEff" value="false"/>
					<classref name="Shape" type="1035932488">
						<string name="Name" value=""/>
						<f32 name="CheckAngle" value="0.0000000000"/>
						<f32 name="CheckRange" value="0.0000000000"/>
						<f32 name="CheckToward" value="0.0000000000"/>
						<bool name="AngleFlag" value="false"/>
						<bool name="TowardFlag" value="false"/>
						<vector3 name="Cone.mCenterPos" x="0.0000000000" y="-180.0000000000" z="0.0000000000"/>
						<f32 name="Cone.mHeight" value="270.0000000000"/>
						<f32 name="Cone.mTopRadius" value="220.0000000000"/>
						<f32 name="Cone.mBottomRadius" value="20.0000000000"/>
					</classref>
					<vector3 name="SetOffset" x="0.0000000000" y="0.0000000000" z="0.0000000000"/>
					<s16 name="ItemFlagNo" value="-1"/>
					<u16 name="ItemId" value="769"/>
					<s32 name="ItemNum" value="-1"/>
					<u16 name="SetType" value="1"/>
					<s16 name="SetLotNo" value="3"/>
					<s16 name="SetNo" value="2"/>
					<u8 name="EffType" value="0"/>
					<vector3 name="EffOffset" x="0.0000000000" y="0.0000000000" z="0.0000000000"/>
					<u8 name="LevelPower" value="0"/>
					<u8 name="LevelFireSpeed" value="0"/>
					<u8 name="LevelReloadSpeed" value="0"/>
					<u8 name="LevelBulletMax" value="0"/>
					<u8 name="LevelBulrRate" value="0"/>
					<u8 name="LevelCritical" value="0"/>
					<u8 name="LevelThrough" value="0"/>
					<u8 name="LevelRange" value="0"/>
					<u8 name="LevelScope" value="0"/>
				</class>
			</classref>
		</classref>
		<classref type="1637199632">
			<s32 name="mID" value="0"/>
			<string name="mInfoClass" value="cSetInfoItem"/>
			<string name="mUnitClass" value="uIt0422"/>
			<classref name="mpInfo" type="381867577">
				<string name="mName" value=""/>
				<string name="mParentName" value=""/>
				<s32 name="mParentNo" value="40960460"/>
				<u32 name="mOrder" value="4"/>
				<vector3 name="mPosition" x="-6026.7744140625" y="562.2446289063" z="2504.3166503906"/>
				<vector3 name="mAngle" x="-1.2897469997" y="-2.7677640915" z="0.1360470057"/>
				<vector3 name="mScale" x="1.0000000000" y="1.0000000000" z="1.0000000000"/>
				<u32 name="PatternNo" value="0"/>
				<u32 name="mLife" value="4861214"/>
				<u32 name="mJumpInit" value="0"/>
				<class name="mItemSet" type="1492295384">
					<vector3 name="Pos" x="-6026.7744140625" y="562.2446289063" z="2504.3166503906"/>
					<vector3 name="Ang" x="-1.2897469997" y="-2.7677640915" z="0.1360470057"/>
					<bool name="AutoPosition" value="true"/>
					<bool name="HitAuto" value="false"/>
					<bool name="NoCheckOba" value="false"/>
					<bool name="NoCheckEff" value="true"/>
					<classref name="Shape" type="1035932488">
						<string name="Name" value=""/>
						<f32 name="CheckAngle" value="0.0000000000"/>
						<f32 name="CheckRange" value="0.0000000000"/>
						<f32 name="CheckToward" value="0.0000000000"/>
						<bool name="AngleFlag" value="false"/>
						<bool name="TowardFlag" value="false"/>
						<vector3 name="Cone.mCenterPos" x="-6028.7744140625" y="330.0000000000" z="2586.3166503906"/>
						<f32 name="Cone.mHeight" value="270.0000000000"/>
						<f32 name="Cone.mTopRadius" value="110.0000000000"/>
						<f32 name="Cone.mBottomRadius" value="80.0000000000"/>
					</classref>
					<vector3 name="SetOffset" x="0.0000000000" y="0.0000000000" z="0.0000000000"/>
					<s16 name="ItemFlagNo" value="-1"/>
					<u16 name="ItemId" value="1058"/>
					<s32 name="ItemNum" value="-1"/>
					<u16 name="SetType" value="0"/>
					<s16 name="SetLotNo" value="-1"/>
					<s16 name="SetNo" value="-1"/>
					<u8 name="EffType" value="1"/>
					<vector3 name="EffOffset" x="0.0000000000" y="0.0000000000" z="0.0000000000"/>
					<u8 name="LevelPower" value="0"/>
					<u8 name="LevelFireSpeed" value="0"/>
					<u8 name="LevelReloadSpeed" value="0"/>
					<u8 name="LevelBulletMax" value="0"/>
					<u8 name="LevelBulrRate" value="0"/>
					<u8 name="LevelCritical" value="0"/>
					<u8 name="LevelThrough" value="0"/>
					<u8 name="LevelRange" value="0"/>
					<u8 name="LevelScope" value="0"/>
				</class>
			</classref>
		</classref>
	</array>
</class>
